date,lo20,hi20,lo10,hi10
196307,0.47,-1.37,0.33,-1.48
196308,4.66,7.8,4.26,5.26
196309,-0.76,-2.37,-0.32,-2.18
196310,3.2,2.86,4.11,1.36
196311,-0.34,-1.32,-0.08,-2.26
196312,2.94,-0.2,1.51,-0.17
196401,3.37,-1.04,3.7,-1.41
196402,1.33,1.93,1.11,1.4
196403,1.16,1.59,0.84,2.26
196404,1.33,-1.3,1.4,0.12
196405,1.72,4.02,1.88,1.77
196406,1.62,-0.45,1.8,-1.66
196407,1.98,-0.1,1.61,1.44
196408,-1.24,-1.83,-1.28,-1.19
196409,2.57,6.06,2.58,5.11
196410,0.66,-1.19,0.91,-0.62
196411,0.5,-2.8,0.46,-2.71
196412,0.78,-0.57,1.03,-1.85
196501,3.09,7.49,2.03,9.92
196502,-0.53,4.78,-0.86,4.34
196503,-1.17,0.64,-1.35,0.37
196504,3.29,3.13,3.78,3.45
196505,-0.5,-1.32,-0.33,-2.35
196506,-4.14,-11.33,-4.06,-12.92
196507,1.55,5.6,1.59,3.37
196508,2.11,7.41,1.63,6.82
196509,2.94,4.25,3.22,3.46
196510,1.59,7.53,1.55,8.35
196511,-1.41,6.67,-2.12,10.53
196512,0.12,3.82,-0.49,4.09
196601,-0.73,5.67,-1.16,7.04
196602,-2.17,5.66,-2.82,6.32
196603,-2.91,-2.15,-3.19,-1.67
196604,1.78,5.1,1.66,6.52
196605,-4.18,-11.89,-4.06,-12.85
196606,-2.03,2.42,-2.24,2.36
196607,-0.54,-2.34,-0.36,-3.91
196608,-6.26,-10.18,-5.85,-11.51
196609,-0.22,-4.86,0.35,-4.22
196610,5.78,-6.26,6.31,-9.03
196611,-0.89,14.18,-1.48,13.11
196612,-0.12,1.39,0.01,0.34
196701,6.91,18.54,7.52,22.98
196702,0.66,4.46,1.37,5.98
196703,3.82,4.86,3.29,6.51
196704,3.99,5.21,3.51,3.89
196705,-4.42,-2.26,-3.93,-2.8
196706,1.47,10.6,1.48,12.14
196707,3.58,8.29,2.58,9.45
196708,-0.72,-1.54,-1.05,-1.95
196709,3.43,5.34,4.49,6.26
196710,-1.67,-2.35,0.24,-2.93
196711,0.88,0.92,0.6,0.26
196712,2.66,9.35,2.14,12.46
196801,-2.2,-4.11,-1.86,-2.37
196802,-1.86,-9.14,-1.67,-10.03
196803,0.65,-0.44,1.13,-2.25
196804,7.34,17.05,6.82,17
196805,1.09,8.79,0.92,9.36
196806,1.8,-1.59,1.43,-2.32
196807,-0.92,-4.62,-0.63,-3.82
196808,1.23,3.05,1,3.25
196809,2.86,9.64,3.3,10.84
196810,1.09,-2.33,1.28,-2.57
196811,4.42,8.7,4.31,8.21
196812,-4.56,-0.86,-4.72,0.43
196901,-0.77,-2.47,-1.01,-1.65
196902,-2.98,-10.79,-2.32,-10.91
196903,3.44,1.91,3.38,1.28
196904,2.49,1.67,2.76,1.22
196905,0.69,-0.12,0.51,-0.54
196906,-3.79,-14.55,-3.38,-16.08
196907,-4.98,-11.39,-5.29,-11.78
196908,3.86,8.08,3.67,8.5
196909,-2.51,-2.32,-2.6,-2.86
196910,4.92,7.8,3.74,7.86
196911,-2.65,-5.82,-2.65,-7.39
196912,-0.7,-6.56,-0.8,-8.67
197001,-6.24,-9.65,-6.22,-9.12
197002,5.37,2.72,5.4,1.34
197003,0.33,-5.12,1.35,-5.7
197004,-8.16,-19.95,-8.24,-22
197005,-5.51,-11.91,-5.68,-13.12
197006,-4.19,-11.95,-4.52,-11.97
197007,7.26,6.31,7.52,3.71
197008,4.36,9.58,4.52,8.3
197009,2.28,17.85,1.83,20.49
197010,-0.44,-10.1,-0.54,-11.65
197011,5.99,-0.91,6.31,-2.57
197012,5.36,6.47,5.48,3.86
197101,3.41,13.3,2.92,14.85
197102,1.09,4.18,1.01,4.87
197103,4.14,5.98,4.19,5.84
197104,3.13,3.23,2.6,3.56
197105,-3.96,-5.69,-4.2,-6.17
197106,0.81,-3.93,0.43,-3.88
197107,-3.3,-9.11,-3.29,-9.75
197108,3.87,6,3.96,3.95
197109,0.23,-1.3,0.67,-2.65
197110,-2.57,-7.82,-1.59,-9.53
197111,0.74,-4.21,0.96,-4.12
197112,8.3,13.72,7.98,13.67
197201,1.86,10.14,2.41,12.33
197202,2.61,4.13,1.51,3.85
197203,1.57,-0.85,1.82,-0.81
197204,0.12,-0.8,-0.36,-2.15
197205,2.3,-1.31,2.42,-2.74
197206,-1.41,-3.38,-1.16,-3.03
197207,1.24,-5.66,1.35,-7.8
197208,3.71,-0.02,3.36,-1.24
197209,0.25,-5.03,0.02,-5.88
197210,1.29,-3.09,-0.07,-4.71
197211,4.01,5.72,4.44,4.38
197212,2.02,-2.31,2.45,-3.6
197301,-0.3,-9.61,0.64,-10.98
197302,-3.12,-10.09,-3.09,-10.94
197303,-0.45,-2.84,-0.25,-3.94
197304,-3.3,-10.96,-2.89,-11.66
197305,-0.76,-10.31,-1.3,-10.85
197306,0.04,-4.71,-0.4,-3.94
197307,2.15,17.91,1.46,19.06
197308,-3.38,-6.19,-3.77,-8.79
197309,2.52,11.37,1.64,10.31
197310,-0.42,-3.48,-0.7,-3.2
197311,-9.74,-21.59,-9.9,-20.98
197312,1.41,-1.73,0.97,-2.67
197401,-0.46,9.27,-0.44,12.27
197402,0.17,-0.52,-0.34,-0.57
197403,-2.19,-2.98,-2.16,-0.64
197404,-4.19,-7.37,-4.17,-8.46
197405,-2.62,-9.41,-2.11,-9.43
197406,-1.49,-6,-0.87,-6.95
197407,-7.9,-6.27,-8.59,-4.64
197408,-8.01,-10.33,-7.58,-10.89
197409,-11.37,-11.75,-11,-12.73
197410,14.82,17.22,13.71,15.16
197411,-4.46,-6.33,-4.82,-7.36
197412,-0.9,-8.49,-1.16,-12.04
197501,11,28.92,9.72,31.35
197502,6.08,5.64,3.86,2.62
197503,1.56,10.8,1.48,11.52
197504,4.39,4.14,3.99,1.33
197505,4.68,8.95,4.44,9.76
197506,4.53,6.84,4.2,6.46
197507,-6.07,-5.45,-6.14,-4.75
197508,-1.82,-6.7,-1.85,-7.36
197509,-3.02,-5.87,-3.05,-6.31
197510,6.16,0.92,6.99,-0.55
197511,3.08,2.05,3.28,1.21
197512,-1.29,0.01,-1.01,0.82
197601,11.19,19.53,10.46,20.86
197602,-0.61,10.48,-0.64,14.21
197603,3.23,2.36,3.24,1.21
197604,-0.41,-3.06,-0.5,-3.63
197605,-1,-2.39,-1.37,-3.56
197606,3.92,4.7,3.63,4.06
197607,-0.52,-1.33,-0.66,-1.42
197608,0.61,-3.76,0.78,-3.89
197609,2.69,2.74,2.51,1.3
197610,-1.75,-2.91,-1.69,-3.78
197611,0.07,3.89,0.15,2.63
197612,5.28,10.01,5.25,12.11
197701,-4.28,0.75,-3.45,2.09
197702,-1.25,-2.66,-1.22,-1.47
197703,-1.56,0.08,-1.49,-0.17
197704,0.18,0.74,0.21,0.27
197705,-0.84,-0.55,-0.42,-0.7
197706,4.16,7.96,4.02,7.39
197707,-0.83,-1.3,-0.68,-1.38
197708,-1.98,-0.89,-1.85,-1.74
197709,0.32,0.21,0.56,0.35
197710,-3.65,-4.12,-3.42,-4.46
197711,3.11,8.7,2.54,6.82
197712,0.49,1.03,0.81,0.34
197801,-5.47,-2.07,-5.3,-0.91
197802,-1.01,1.14,-0.58,1.53
197803,1.99,7.05,1.43,6.57
197804,7.82,7.74,6.99,7.07
197805,0.52,7.95,-0.07,8.65
197806,-1.43,-0.44,-1.27,0.32
197807,4.58,5.62,4.21,3.9
197808,2.98,8.21,3.2,9.98
197809,0.01,-2.58,0.14,-2.39
197810,-7.23,-26.04,-6.39,-27.4
197811,2.34,8.67,2.8,9.12
197812,1.73,0.85,1.92,0
197901,3.83,9.68,3.71,9.38
197902,-2.54,-2.23,-2.47,-2.46
197903,4.39,11.36,3.97,10.56
197904,0.35,2.76,0.08,3.45
197905,-1.23,-2.07,-1.27,-2.66
197906,3.14,6.01,2.55,5.58
197907,0.81,0.14,0.44,-0.91
197908,5.26,6.08,4.62,4.81
197909,-0.59,-0.24,-1.75,-0.72
197910,-6.22,-11.05,-5.75,-12.19
197911,4.36,8.23,3.97,7.04
197912,0.25,7.59,-0.45,7.71
198001,4.03,9.59,3.64,10.39
198002,-1.37,0.38,-0.39,1
198003,-6.76,-23.24,-5.84,-25.51
198004,5,6.89,5.62,6.56
198005,5.39,7.14,5.08,7.61
198006,3.25,5.35,2.71,4.66
198007,5.44,7.96,4.92,5.79
198008,1.35,6.85,1.55,6.76
198009,1.03,4.5,0.18,4.1
198010,0.35,3.87,0.64,4.71
198011,7.52,13.15,4.51,9.88
198012,0.83,-6.53,0.47,-8.06
198101,-0.67,-4.7,0.15,-5.59
198102,2.21,0.52,2.55,0.63
198103,2.74,6.09,2.4,5.03
198104,-0.51,-0.69,-0.88,-1.89
198105,0.67,2.12,1,1.1
198106,0.58,-5.83,0.44,-5.6
198107,-1.57,1.07,-1.14,0.73
198108,-3.8,-8.51,-3.53,-8.23
198109,-2.97,-13.93,-1.76,-14.43
198110,3.78,10.42,2.02,9.69
198111,4.86,2.68,5.45,2.64
198112,-1.73,-5.58,-1.54,-7.19
198201,-0.16,-6.98,0.76,-7.89
198202,-3.14,-7.72,-2.29,-8.22
198203,-0.06,-3.19,0.54,-3.78
198204,3.05,5.39,2.68,3.37
198205,-1.75,-4.82,-1.68,-5.68
198206,-0.89,-5.02,-0.77,-7.95
198207,-0.51,-5.13,0.22,-4.11
198208,11.63,9.76,11.17,7.13
198209,1.51,1.3,1.51,-0.35
198210,9.11,15.35,8.92,12.01
198211,4.76,6.22,4.17,4.44
198212,1.64,1.34,2.92,1.94
198301,3.86,8.26,5.29,8.27
198302,2.72,1.74,1.9,-0.73
198303,2.2,1.94,2.13,1.75
198304,7.62,9.15,7.84,9.21
198305,-1.78,8.43,-1.94,10.36
198306,2.63,5.71,1.69,3.9
198307,-1.46,-6.94,-0.43,-6.81
198308,1.49,-2.25,2.47,-4.03
198309,3.18,-0.82,3.45,-2.3
198310,0.43,-10.42,0.71,-11.2
198311,0.86,5.31,-0.56,4.34
198312,-0.93,-3.29,-0.38,-3.89
198401,-0.55,-1.82,-0.37,0.01
198402,-3.84,-5.39,-3.34,-5.06
198403,1.38,-0.46,0.97,-1.36
198404,1.09,-1.03,1.54,-0.7
198405,-3.58,-7.04,-3.53,-6.6
198406,2.29,1.84,1.93,1.82
198407,-0.05,-5.95,0.4,-7.25
198408,8.98,12.7,8.28,10.51
198409,1.44,-1.92,1.74,-2.6
198410,1.32,-3,1.43,-4.42
198411,-0.31,-4.68,-0.28,-5.07
198412,2.28,1.62,2.14,-0.34
198501,6.78,13.57,6.02,14.12
198502,1.57,1.71,1.61,2.67
198503,0.67,-3.2,0.39,-6.54
198504,0.67,-3.93,0.78,-4.4
198505,5.78,2.33,5.32,0.89
198506,1.91,0.54,2.09,0.07
198507,-0.53,1.36,-0.3,1.06
198508,-0.01,-2.44,-0.3,-2.31
198509,-3.03,-7.97,-3.3,-8.62
198510,4.71,3.05,4.5,2.07
198511,6.61,5.15,7.51,4.24
198512,5.39,3.22,6.36,3.95
198601,0.78,1.32,1.47,1.85
198602,7.86,5.78,7.26,5.01
198603,5.34,3.92,4.69,3.55
198604,-1.06,0.84,-0.7,0.03
198605,4.42,3.56,3.32,4.08
198606,2.38,-0.73,3.01,-0.81
198607,-3.13,-10.77,-2.47,-12
198608,7.28,3.49,7.82,1.27
198609,-8.58,-5.96,-8.18,-7.01
198610,4.43,3.6,3.21,0.43
198611,2.69,-1.66,2.92,-3.87
198612,-2.47,-4.77,-1.58,-5.03
198701,13.03,12.01,12.55,10.35
198702,2.82,7.22,2.33,6.32
198703,1.77,2.38,0.36,1.64
198704,-1.7,-1.48,-3.11,-2.33
198705,0.46,0.55,0.1,-0.52
198706,5.24,-0.4,5.35,-1.57
198707,3.03,4.16,1.26,4.95
198708,4.98,2.19,4.73,0.78
198709,-2.46,-1.21,-2.6,-1.74
198710,-17.88,-30.83,-14.34,-30.14
198711,-7.28,-7.25,-6.47,-6.14
198712,4.57,5.66,3.25,3.88
198801,5.15,1.57,6.1,2.93
198802,2.76,8.21,1.99,7.82
198803,-3.54,3.94,-4.57,3.59
198804,1.01,0.51,1.79,0.89
198805,1.5,-3.09,1.51,-3.29
198806,4.17,5.98,3.7,5.26
198807,0.08,-1.19,-0.28,-0.51
198808,-2.47,-2.5,-2.74,-3.19
198809,4.15,1.88,4.2,0.17
198810,3.55,-1.65,3.07,-2.93
198811,-1.07,-2.81,-1.19,-0.72
198812,1.47,3.58,1.77,1.44
198901,6.42,5.23,5.92,5.65
198902,-2.72,0.3,-2.82,0.15
198903,2.31,0.86,1.7,1.27
198904,4.7,3.44,4.27,0.67
198905,3.93,3.49,4.08,1.68
198906,0.11,-1.85,0.76,-2.06
198907,8.37,2.57,6.16,-0.31
198908,1.2,1.65,0.51,0.26
198909,0.29,0.41,-0.75,0.52
198910,-0.97,-7.71,-0.62,-9.58
198911,2.95,-0.95,3.46,-1.31
198912,3.45,-1.08,4.63,-1.22
199001,-6.18,-11.41,-4.74,-10.51
199002,0.86,2.64,0.51,2.52
199003,2.33,2.75,2.14,1.54
199004,-1.66,-3.61,-1.3,-4.6
199005,8.85,8.74,7.88,5.99
199006,-0.05,-0.34,-0.23,0.53
199007,1.09,-6.16,1.73,-5.66
199008,-8.03,-14.16,-8.58,-15.1
199009,-3.44,-11,-2.9,-13.93
199010,1.77,-6.78,3.54,-8.65
199011,5.37,8.32,5.59,7.12
199012,2.16,0.75,2.37,-3.24
199101,1.29,10.66,0.61,8.19
199102,6.91,14.67,7.1,16.79
199103,2.74,8.13,2.01,7.65
199104,0.72,-0.04,0.4,-0.77
199105,2.37,3.31,2.19,-0.59
199106,-2.79,-6.96,-2.56,-6.79
199107,4.67,5.57,4.4,3.87
199108,2.3,4.54,2.68,4.9
199109,-0.3,-0.34,0.39,-1.53
199110,2.07,3.69,2.49,3.38
199111,-2.87,-5.41,-2.41,-7.82
199112,10.32,9.94,8.74,7.45
199201,-3.51,11.28,-3.68,15.36
199202,-0.46,3.1,-0.77,1.2
199203,-1.66,-5.6,-1.42,-5.08
199204,3.1,-6.52,3.74,-8.74
199205,0.87,-0.78,1.16,-1.05
199206,-0.73,-6.26,-0.17,-6.74
199207,4.66,3.8,4.34,2.48
199208,-0.9,-3.95,-0.59,-5.81
199209,1.26,1.75,2.17,1.59
199210,0.03,4.81,-1.21,3.46
199211,2.23,9.69,2.22,7.95
199212,1.85,3,2.82,1.97
199301,0.05,2.93,1.39,4.09
199302,2.58,-4.54,3.84,-4.9
199303,2.19,2.36,2.12,2.25
199304,-1.92,-3.1,-1.17,-2.5
199305,1.53,7.04,0,6.16
199306,2.06,0.36,2.53,0.02
199307,0.81,-0.24,1.53,-0.09
199308,2.73,4.81,3.27,3.65
199309,-0.67,2.89,-0.23,1.84
199310,-0.32,3.82,-0.76,4.33
199311,-2.85,-2.54,-2.84,-3.92
199312,1.96,2.18,3.2,0.54
199401,1.95,4.51,2.54,4.32
199402,-3.04,-0.78,-3.31,-0.39
199403,-3.67,-6.49,-3.67,-8.17
199404,2.07,-2.26,1.86,-2.9
199405,0.99,-1.57,0.83,-1.81
199406,-2.37,-5.86,-2.71,-6.57
199407,3.32,2.22,3.11,1.54
199408,3.15,7.87,3.43,8
199409,-2.79,0.33,-2.87,0.67
199410,2.17,2.45,2.47,1.65
199411,-3.17,-3.36,-3.45,-3.82
199412,1.72,0.02,0.92,-1.11
199501,4.08,0.29,4.39,0.16
199502,3,3.57,2.56,3.18
199503,1.75,3.18,1.73,2.43
199504,3.01,2,2.73,2.01
199505,3.85,1.77,3.81,0.81
199506,1.07,8.83,-0.09,8.75
199507,1.84,8.52,1.85,8.39
199508,1.84,1.4,1.73,1.82
199509,6.28,2.5,4.97,1.43
199510,1.02,-4.36,0.94,-6.07
199511,4.95,3.06,3.53,1.38
199512,3.86,-2.8,3.83,-2.13
199601,2.51,0.37,2.88,-0.53
199602,0.45,3.48,-0.35,3.16
199603,0.91,0.28,0.79,0.01
199604,-0.84,10.3,-1.54,12.45
199605,3.1,4.71,4.26,4.73
199606,2.1,-7.23,2.92,-8.68
199607,-3.77,-12.95,-2.56,-14.86
199608,2.88,5.66,1.78,6.39
199609,4.98,7.09,4.74,7.65
199610,3.73,-4.47,4.62,-6.21
199611,6.52,4.82,6.58,3.36
199612,-1.39,-1.23,-1.19,-2.09
199701,5.04,4.69,4.84,4.7
199702,2.29,-6.24,2.6,-7.17
199703,-2.87,-7.47,-2.33,-8.98
199704,4.5,-0.43,3.35,-2.6
199705,5.42,14.25,6.15,15.56
199706,5.21,2.93,4.88,3.11
199707,7.8,9.12,8.47,8.05
199708,-6.24,1.77,-7.42,2.78
199709,6.33,6.26,6.28,6.48
199710,-2.21,-7.29,-1.21,-7.02
199711,5.82,-2.98,5.71,-3.52
199712,4.55,-1.56,3.71,-3.4
199801,-0.19,0.21,-0.59,-1.05
199802,6.78,8.69,5.45,9.12
199803,6.23,4.28,7.51,3.02
199804,-0.13,2.78,-0.35,3.7
199805,-2.04,-6.95,-1.95,-8.24
199806,2.99,1.5,4.09,0.54
199807,-3.93,-5.38,-2.92,-5.97
199808,-11.29,-24.44,-9.12,-26.54
199809,5.15,11.59,1.73,10.37
199810,5.48,7.34,3.1,7.44
199811,6.43,8.82,6.98,8.04
199812,6.1,8.14,4.95,8.11
199901,-1.15,11.61,-2.51,15.42
199902,-0.45,-8.25,-2.16,-7.98
199903,2.86,11.41,3.66,10.19
199904,2.99,9.11,-0.43,12.17
199905,-2.98,-2.14,-2.48,-4.26
199906,5.1,9.18,3.23,7.55
199907,-3.13,-4.84,-2.21,-5.37
199908,-0.34,-0.07,-1.07,-0.58
199909,-2.88,1.88,-0.66,4.09
199910,7.3,10.16,10.48,8.77
199911,0.07,14.92,-4.03,17.19
199912,6.42,21.3,7.68,24.28
200001,-4.95,-4.54,-7.5,-3.71
200002,-6.65,26,-4.4,24.99
200003,11.72,-7.34,14.06,-13.27
200004,2.9,-15.3,2.09,-19.86
200005,2.13,-11,0.75,-14.15
200006,-3.28,16.92,-1.27,24.13
200007,1.63,-7.29,-1.1,-7.88
200008,7.62,13.8,4.55,14.12
200009,-4.8,-9.22,3.92,-8.17
200010,-1.02,-9.73,0.13,-14.88
200011,-1.58,-24.86,1.95,-31.44
200012,3.69,-0.94,6.55,-1.07
200101,-4.65,16.17,-6.38,17.35
200102,-0.92,-28.15,0.48,-33.03
200103,-3.27,-17.06,-3.08,-21.18
200104,5.01,17.75,5.78,22.36
200105,2.34,-3.24,3.3,-3.56
200106,-1.33,0.47,-2.96,-1.55
200107,-2.25,-9.8,0.39,-13.48
200108,-2.88,-12.77,-2.04,-15.73
200109,-3.44,-21.78,-4.33,-25.26
200110,1.29,14.75,0.26,19.55
200111,3.92,15.33,3.71,13.17
200112,0.81,3.47,3.18,5.18
200201,-0.75,-4.75,-0.64,-5.46
200202,0.38,-14.46,1.29,-15.13
200203,3.59,10.99,3.89,16.09
200204,-4.46,-12.93,-2.36,-12.87
200205,-0.64,-7.84,0,-10.49
200206,-4.45,-14.86,-4.13,-20.38
200207,-5.71,-11.83,-5.92,-17.87
200208,0.96,-0.34,2.16,1.29
200209,-10.18,-16.13,-8.46,-17.62
200210,5.01,12.31,4.51,11.48
200211,2.25,21.27,0.64,28.36
200212,-3.4,-13.39,-1.71,-13.7
200301,-2.76,0.7,-2.43,2.11
200302,-1.5,-3.99,-1.93,-5.45
200303,2.04,2.09,1.43,1.78
200304,6.94,15.51,8.29,17.85
200305,3.18,18.19,2.8,21.46
200306,1.07,3.8,0.36,4.02
200307,1.98,6.65,2.34,8.37
200308,0.65,6.46,1.77,5.83
200309,0.27,-1.5,-0.57,-0.34
200310,3.71,11.12,5.03,12.26
200311,1.03,3.46,0.24,3.42
200312,4.82,1.62,4.62,1.49
200401,1.23,7.31,1.15,9.37
200402,1.79,0.09,2.02,-0.48
200403,-1.78,-1.14,-1.39,-1.21
200404,-0.72,-6.36,-0.4,-7.75
200405,0.73,3.33,1.56,3.95
200406,1.24,1.74,1.57,2.09
200407,-1.83,-11,-1.71,-12.26
200408,1.83,-3.36,2.22,-4.12
200409,-0.19,5.07,-0.44,4.78
200410,0.86,2.43,0.49,1.14
200411,3.66,7.65,3.18,7.7
200412,3.2,6.09,2.99,7.19
200501,-1.98,-5.89,-1.73,-5.75
200502,1.36,3.26,1.61,0.89
200503,-1.78,-4.01,-1.69,-4.97
200504,-0.34,-4.91,-0.13,-4.36
200505,2.25,7.5,1.44,8.5
200506,-1.08,2.9,-1.59,3.21
200507,2.07,7.53,1.55,7.51
200508,-1.09,-1.79,-0.83,-1.79
200509,0.33,1.06,-0.08,0.66
200510,-1,-3.56,0.52,-3.68
200511,3.76,5.12,4.03,5.6
200512,-0.2,2.04,-0.58,1.9
200601,1.42,9.65,0.59,10.92
200602,1.28,-3.66,1.81,-2.02
200603,1.29,4.27,1.15,4.47
200604,1.5,2.74,2.92,1.71
200605,-1.45,-7.33,-1.06,-7.46
200606,0.3,-0.67,-0.18,-0.34
200607,2.42,-6.79,2.55,-8.44
200608,2.19,3.54,2.75,4.3
200609,2.52,1.1,2.83,0.66
200610,2.36,5.15,2.38,5.25
200611,0.83,5.89,0.59,4.57
200612,2.92,-1.46,3.27,-1.62
200701,0.73,2.72,0.26,2.01
200702,-2.07,-0.74,-1.46,-1.85
200703,0.55,2.2,0.18,0.79
200704,3.5,3.02,3.68,2.81
200705,2.72,4.22,2.37,3.42
200706,-1.78,-0.84,-2.28,-0.84
200707,-3.2,-5.24,-3.22,-3.83
200708,2.58,-0.64,2.85,-0.21
200709,3.78,4.23,3.98,3.67
200710,1.47,1.55,1.38,0.54
200711,-2.63,-10.29,-2.5,-12.13
200712,-0.71,-1.01,-0.25,-1.21
200801,-5.38,-7.98,-5.13,-10.31
200802,-2.26,-6.4,-2.29,-8.17
200803,0.61,-4.33,1.21,-5.73
200804,2.94,7.19,2.2,6.05
200805,1.61,3.16,0.85,1.87
200806,-7.41,-7.35,-7.47,-8.76
200807,0.5,-5.06,1.83,-0.85
200808,2.51,-3.09,2.36,-3.35
200809,-5.12,-22.17,-3.79,-27.21
200810,-12.95,-24.35,-11.7,-19.27
200811,-3.56,-16.71,-3.7,-19.71
200812,1.37,2.76,0.92,3.55
200901,-6.48,-12.18,-7.02,-2.25
200902,-8.54,-18.57,-8.47,-19.73
200903,6.18,18.52,5.25,20.82
200904,4.56,32.06,3.41,32.51
200905,3.56,15.45,3.63,15.76
200906,1.51,0.91,1.01,-0.33
200907,7.02,15.25,5.94,13.37
200908,1.59,13.05,1.12,17.4
200909,2.78,7.46,2.14,7.15
200910,-0.2,-12.99,0.53,-15.09
200911,5.44,5.1,5.8,5.2
200912,1.6,7.12,0.59,5.26
201001,-3.54,-3.17,-2.1,-4.42
201002,2.54,6.07,2.45,4.83
201003,4.5,9.12,3.92,7.95
201004,1.03,6.43,0.79,7.48
201005,-7.96,-8.54,-7.3,-10.95
201006,-4.22,-10.14,-2.2,-11.03
201007,6.28,9.75,6.56,8.85
201008,-3.05,-5.24,-2.65,-7.74
201009,7.61,13.48,7.13,14.29
201010,2.93,4.02,2.84,2.38
201011,-0.4,2.89,-0.46,2.73
201012,5.56,5.95,4.48,5.98
201101,1.52,-0.71,1.86,-0.58
201102,3.42,2.08,3.4,2.9
201103,0.13,0.79,0.67,0.35
201104,3.27,2.25,3.01,3.22
201105,-0.86,-2.31,0.17,-1.19
201106,-1.44,-3.11,-1.49,-3.07
201107,-2.81,-2.34,-2.38,-2.92
201108,-2.94,-10.43,-1.78,-11.62
201109,-4.61,-13.85,-3.9,-14.74
201110,8.32,12.22,7.08,11.58
201111,1,-4.44,1.31,-1.93
201112,2.93,-1.99,2.89,-2.12
201201,1.59,11.13,0.61,13.92
201202,2.53,5.95,2.22,6.81
201203,3.5,0.95,3.01,0.3
201204,-0.04,-2.93,0.34,-5.65
201205,-4.41,-9.95,-3.14,-9.17
201206,4.97,4.19,5.37,2.42
201207,1.58,-2.49,1.88,-3.55
201208,0.53,4.26,-0.48,4.49
201209,2.5,2.82,2.79,3.91
201210,-1.19,-3.92,-1.63,-3.56
201211,0,2.03,-0.24,3.58
201212,0.41,3.11,0.24,3.38
201301,5.93,8.01,5.9,8.27
201302,2.27,-0.96,2.55,-1.89
201303,3.87,3.46,3.09,5.13
201304,1.93,0.7,2.51,3.06
201305,1.13,5.87,1.18,5.06
201306,-0.24,-0.62,-0.2,-0.5
201307,5.57,8.4,5.53,7.98
201308,-4.23,-1.3,-4.6,-0.19
201309,2.23,5.68,1.75,8.46
201310,4.38,1.88,4.32,-1.02
201311,3.07,3,3.34,3.07
201312,2.1,3.96,1.62,3.07
201401,-4.44,1.1,-4.19,3.23
201402,3.64,7.85,3.02,8.69
201403,2,-5.85,3.07,-6.18
201404,1.08,-5.54,0.91,-7.61
201405,1.51,0.61,1.17,0.83
201406,1.85,7.29,1.78,10.63
201407,-1.89,-5.35,-2.66,-6.09
201408,3.53,5.14,3.53,6.44
201409,-0.78,-4.42,-0.72,-3.73
201410,2.64,2.81,1.71,1.83
201411,2.66,-1.24,2.38,0
201412,0.05,-0.27,0.12,0.79
201501,-3.42,-0.25,-5.05,-3.73
201502,6.24,7.37,6.72,8.61
201503,-1.45,-1.07,-1.72,0.21
201504,0.2,0.5,0.44,0.28
201505,1.23,1.84,1.34,1.63
201506,-1.4,-1.87,-1.14,-2.5
201507,2.57,-2.94,2.37,-4.32
201508,-6.32,-7.01,-6.14,-7.48
201509,-1.77,-10.46,-1.62,-13.96
201510,7.44,5.72,7.4,8.87
201511,0.47,2.03,0.52,1.26
201512,-1.27,-4.42,-1.49,-2.03
201601,-4.24,-16.12,-3.96,-18.04
201602,-0.66,0.96,-0.41,0.55
201603,6.47,10.62,6.19,15.45
201604,0,9.21,0.93,15.65
201605,1.45,0.66,0.91,-1.02
201606,1.43,-0.02,1.72,-3.65
201607,2.8,6.93,2.17,8.1
201608,-0.08,1.83,0.41,-0.17
201609,-0.49,3.68,-0.82,5.35
201610,-1.64,-8.42,-1.67,-10.79
201611,4.14,9.19,3.4,11.57
201612,2.69,0.02,2.56,0.29
201701,1.46,4.04,1.06,3.69
201702,4.27,0.72,4.44,2.29
201703,0.17,0.24,-0.26,-1.83
201704,1.33,0.44,1.74,-0.8
201705,1.84,-0.72,1.78,-0.42
201706,0.09,3.65,1.04,6.05
201707,1.98,2.24,2.34,-0.77
201708,1.18,-0.84,0.71,0.24
201709,2.53,4.69,1.96,7.09
201710,3.39,-2.29,3.33,-2.51
201711,3.12,2.6,3.05,5.66
201712,1.21,2.08,0.86,3.01
201801,5.09,3.59,4.86,4.69
201802,-2.74,-1.87,-3.8,-2.3
201803,-2.57,-0.19,-3.01,-1.29
201804,0.27,0.6,0,-0.13
201805,1.26,7.66,0.54,6.98
201806,0.57,1.51,-0.14,0.15
201807,5.37,-0.17,6.15,-0.59
201808,4.53,4.43,6.31,6.47
201809,0.55,-3.44,0.35,-1.98
201810,-6.27,-11.59,-4.2,-13.03
201811,2.35,0.17,3.93,2.21
201812,-8.92,-12.28,-8.81,-12.93
201901,6.59,13.51,6.33,10.95
201902,3.8,5.52,4.27,7.06
201903,1.27,0.53,1.93,1.13
201904,4.88,-0.19,4.71,0.21
201905,-5.69,-9.56,-5.26,-9.79
201906,6.74,8.93,6.87,7.51
201907,1.06,-1.11,1.45,-1.66
201908,-0.8,-6.75,-0.63,-6.51
201909,2.39,-1.56,1.53,-2.9
201910,2.05,1.24,1.56,-2.74
201911,3.21,9.21,2.85,7.54
201912,2.96,5.58,2.6,6.69
202001,1.18,1.16,1.09,-3.47
202002,-8.97,-4.01,-8.41,-4.2
202003,-11.88,-20.85,-12.37,-21.71
202004,12.76,35.57,13.28,38.62
202005,4.88,7.45,4.38,13.24
202006,2.41,9.46,2.84,11.29
202007,6.19,6.48,5.94,8.97
202008,6.91,4.52,7.14,1.91
202009,-3.06,-5.75,-3.27,2.8
202010,-2.09,-4.34,-2.02,-5.4
202011,9.35,23.81,9.19,28.88
202012,3.85,9.77,3.1,12.4
202101,-1.42,11.88,-1.63,17.91
202102,2.65,-4.29,2.27,-5.45
202103,5.31,-6.25,5.2,-6.96
202104,5.47,-0.97,5.42,-2.46
202105,0.19,-0.61,-0.28,-1.31
202106,1.85,11.04,2.67,9.68
202107,2.92,-5.6,3.89,-11.03
202108,3.21,2.67,3.64,4.46
202109,-5.07,-4.06,-5.11,-4.39
202110,7.48,3.06,8.45,-0.72
202111,-0.13,-6.13,0.28,-7.52
202112,5.61,-8.37,5.32,-11.79
202201,-3.36,-17.31,-2.87,-22.2
202202,-1.06,-2.97,-1.09,-4.04
202203,3.55,5.94,4.27,0.14
202204,-7,-18.59,-6.65,-19.83
202205,-0.61,-4.16,-1.15,-3.82
202206,-6,-11.07,-6.23,-10.89
202207,8.23,14.4,9.42,14.69
202208,-3.57,1.43,-3.93,2.82
202209,-9.03,-10.21,-8.87,-11.32
202210,8.96,4.62,8.74,2.07
202211,5.3,3.01,6.93,-2.99
202212,-4.82,-6.3,-3.84,-8.04
202301,3.27,19.46,3.94,15.14
202302,-1.51,1.68,-1.41,4.27
202303,3.38,2.56,3.01,0.28
202304,2.81,-5.45,3.28,-4.88
202305,-2.34,11.06,-1.43,8.08
202306,6.55,7.36,6.65,4.65
202307,1.99,8.22,1.87,9.65
202308,-1.4,-3.9,-1.96,-12.16
202309,-4.33,-7.83,-4.76,-8.98
202310,-0.77,-8.37,0.45,-8.36
202311,8.53,15.79,9.06,11.48
202312,3.75,14.43,3.8,18.46
202401,1.35,-5.69,1.47,-7.85
202402,3.87,8.79,4.01,14.34
202403,2.33,0.83,1.19,2.7
202404,-3.65,-6.44,-4.79,-9.78
202405,2.98,3.46,3.5,2.09
202406,2.04,1.66,1.94,2.95
202407,2.71,5.36,1.37,7.79
202408,2.45,0.07,2.94,-1.67
202409,0.86,7.01,0.62,1.53
202410,-1.4,-0.71,-2.69,1.18
202411,6.26,20.59,5.99,26.04
202412,-2.83,-0.32,-4.2,3.88
