,DATE,PORTFOLIO,RET,IVOL,SKEW
0,2007-01-31,LongPosV1,0.0029815217391304352,0.05280434782608695,-0.05997486388185663
1,2007-01-31,LongPosV2,0.0025884615384615386,0.0543,0.08032699933473651
2,2007-01-31,ShortPosV1,-0.04016610169491525,0.23884406779661016,-0.22141031753470317
3,2007-01-31,ShortPosV2,-0.047325000000000006,0.22871875,-0.6493681583087791
4,2007-02-28,LongPosV1,-0.0012788888888888884,0.05277444444444444,-0.059974863881856626
5,2007-02-28,LongPosV2,0.005084615384615385,0.05427692307692308,0.08032699933473651
6,2007-02-28,ShortPosV1,0.01669661016949153,0.2385508474576271,-0.22141031753470317
7,2007-02-28,ShortPosV2,-0.01865,0.2283375,-0.6493681583087791
8,2007-03-30,LongPosV1,0.01492,0.05270333333333333,-0.059974863881856626
9,2007-03-30,LongPosV2,0.013765384615384615,0.054180769230769234,0.08032699933473651
10,2007-03-30,ShortPosV1,-0.003493103448275862,0.23773103448275862,-0.22141031753470317
11,2007-03-30,ShortPosV2,0.009025,0.2279625,-0.6493681583087791
12,2007-04-30,LongPosV1,0.02388222222222222,0.05264777777777777,-0.059974863881856626
13,2007-04-30,LongPosV2,0.03207692307692307,0.05417307692307693,0.08032699933473651
14,2007-04-30,ShortPosV1,-0.03470350877192983,0.23653508771929824,-0.22141031753470317
15,2007-04-30,ShortPosV2,-0.011239999999999998,0.22329333333333334,-0.6493681583087791
16,2007-05-31,LongPosV1,0.023275555555555553,0.05265111111111111,-0.059974863881856626
17,2007-05-31,LongPosV2,0.03293846153846154,0.054338461538461544,0.08032699933473651
18,2007-05-31,ShortPosV1,-0.0013824561403508787,0.2359842105263158,-0.22141031753470317
19,2007-05-31,ShortPosV2,-0.0015599999999999985,0.22315333333333334,-0.6493681583087791
20,2007-06-29,LongPosV1,-0.02466666666666667,0.05258444444444444,-0.059974863881856626
21,2007-06-29,LongPosV2,-0.025988461538461537,0.054273076923076924,0.08032699933473651
22,2007-06-29,ShortPosV1,0.030633333333333332,0.23558421052631578,-0.22141031753470317
23,2007-06-29,ShortPosV2,-0.011919999999999998,0.22293333333333334,-0.6493681583087791
24,2007-07-31,LongPosV1,-0.044547777777777776,0.052566666666666664,-0.059974863881856626
25,2007-07-31,LongPosV2,-0.05692307692307692,0.05428076923076923,0.08032699933473651
26,2007-07-31,ShortPosV1,0.03312982456140351,0.23534561403508772,-0.22141031753470317
27,2007-07-31,ShortPosV2,0.03422666666666667,0.22256666666666666,-0.6493681583087791
28,2007-08-31,LongPosV1,0.035394444444444444,0.05270222222222222,-0.059974863881856626
29,2007-08-31,LongPosV2,0.06601923076923077,0.054769230769230764,0.08032699933473651
30,2007-08-31,ShortPosV1,0.04745178571428572,0.23566607142857143,-0.22141031753470317
31,2007-08-31,ShortPosV2,-0.007739999999999993,0.22245333333333334,-0.6493681583087791
32,2007-09-28,LongPosV1,0.015238202247191012,0.05257415730337079,-0.059974863881856626
33,2007-09-28,LongPosV2,0.004992307692307691,0.05463846153846154,0.08032699933473651
34,2007-09-28,ShortPosV1,-0.012314285714285713,0.23538035714285716,-0.22141031753470317
35,2007-09-28,ShortPosV2,-0.0038266666666666644,0.22202666666666668,-0.6493681583087791
36,2007-10-31,LongPosV1,0.017192134831460676,0.052550561797752804,-0.059974863881856626
37,2007-10-31,LongPosV2,0.027053846153846154,0.0547,0.08032699933473651
38,2007-10-31,ShortPosV1,-0.03991454545454545,0.23564181818181817,-0.22141031753470317
39,2007-10-31,ShortPosV2,-0.12367142857142857,0.22280714285714284,-0.6493681583087791
40,2007-11-30,LongPosV1,-0.010796590909090908,0.0524875,-0.059974863881856626
41,2007-11-30,LongPosV2,-0.008856000000000001,0.054624,0.08032699933473651
42,2007-11-30,ShortPosV1,0.1126890909090909,0.23535272727272727,-0.22141031753470317
43,2007-11-30,ShortPosV2,0.04697142857142857,0.22267857142857142,-0.6493681583087791
44,2007-12-31,LongPosV1,-0.014620454545454546,0.05249772727272727,-0.059974863881856626
45,2007-12-31,LongPosV2,-0.003232000000000001,0.054636,0.08032699933473651
46,2007-12-31,ShortPosV1,0.03722545454545455,0.23422909090909091,-0.22141031753470317
47,2007-12-31,ShortPosV2,-0.012564285714285717,0.22232142857142856,-0.6493681583087791
48,2008-01-31,LongPosV1,-0.0358010989010989,0.0526989010989011,-0.010728660296438096
49,2008-01-31,LongPosV2,-0.05190714285714286,0.05087857142857143,0.13758591347733357
50,2008-01-31,ShortPosV1,0.03876557377049179,0.2299426229508197,-0.0886385418102771
51,2008-01-31,ShortPosV2,0.08425625,0.22259375,-0.29959270623937156
52,2008-02-29,LongPosV1,-0.027426373626373627,0.05268241758241759,-0.010728660296438096
53,2008-02-29,LongPosV2,-0.03427142857142857,0.05078928571428571,0.13758591347733357
54,2008-02-29,ShortPosV1,-0.003365000000000003,0.22678833333333334,-0.0886385418102771
55,2008-02-29,ShortPosV2,-0.007674999999999998,0.22243125,-0.29959270623937156
56,2008-03-31,LongPosV1,0.012847777777777776,0.052730000000000006,-0.010728660296438096
57,2008-03-31,LongPosV2,-0.011832142857142859,0.05076785714285714,0.13758591347733357
58,2008-03-31,ShortPosV1,0.026861016949152543,0.22683389830508474,-0.0886385418102771
59,2008-03-31,ShortPosV2,0.04704375,0.22178125,-0.29959270623937156
60,2008-04-30,LongPosV1,0.021141573033707863,0.05295393258426967,-0.010728660296438096
61,2008-04-30,LongPosV2,0.050560714285714285,0.05083214285714286,0.13758591347733357
62,2008-04-30,ShortPosV1,-0.009874137931034482,0.22529310344827586,-0.0886385418102771
63,2008-04-30,ShortPosV2,0.06537333333333334,0.21600000000000003,-0.29959270623937156
64,2008-05-30,LongPosV1,0.01741573033707865,0.05300449438202247,-0.010728660296438096
65,2008-05-30,LongPosV2,0.036196428571428574,0.05086785714285714,0.13758591347733357
66,2008-05-30,ShortPosV1,-0.016778571428571427,0.22531428571428572,-0.0886385418102771
67,2008-05-30,ShortPosV2,0.004126666666666666,0.21567999999999998,-0.29959270623937156
68,2008-06-30,LongPosV1,-0.08426931818181818,0.05296477272727273,-0.010728660296438096
69,2008-06-30,LongPosV2,-0.06853571428571428,0.051003571428571426,0.13758591347733357
70,2008-06-30,ShortPosV1,0.05793571428571428,0.22534285714285712,-0.0886385418102771
71,2008-06-30,ShortPosV2,0.045506666666666674,0.21582666666666667,-0.29959270623937156
72,2008-07-31,LongPosV1,0.02568636363636364,0.05329886363636363,-0.010728660296438096
73,2008-07-31,LongPosV2,-0.009849999999999998,0.051121428571428575,0.13758591347733357
74,2008-07-31,ShortPosV1,-0.06649454545454546,0.22578727272727273,-0.0886385418102771
75,2008-07-31,ShortPosV2,-0.08658666666666666,0.21530666666666667,-0.29959270623937156
76,2008-08-29,LongPosV1,0.0361625,0.05337954545454546,-0.010728660296438096
77,2008-08-29,LongPosV2,0.02515,0.051114285714285716,0.13758591347733357
78,2008-08-29,ShortPosV1,-0.013503636363636363,0.22532363636363636,-0.0886385418102771
79,2008-08-29,ShortPosV2,-0.03455333333333333,0.2153,-0.29959270623937156
80,2008-09-30,LongPosV1,-0.02176551724137931,0.053681609195402304,-0.010728660296438096
81,2008-09-30,LongPosV2,-0.06460357142857143,0.05132857142857143,0.13758591347733357
82,2008-09-30,ShortPosV1,0.13368888888888888,0.22524074074074074,-0.0886385418102771
83,2008-09-30,ShortPosV2,0.13308666666666666,0.21538000000000002,-0.29959270623937156
84,2008-10-31,LongPosV1,-0.12300117647058824,0.05364941176470588,-0.010728660296438096
85,2008-10-31,LongPosV2,-0.14133214285714285,0.05133928571428571,0.13758591347733357
86,2008-10-31,ShortPosV1,0.2428056603773585,0.22572264150943397,-0.0886385418102771
87,2008-10-31,ShortPosV2,0.18464,0.21512666666666666,-0.29959270623937156
88,2008-11-28,LongPosV1,-0.03160235294117647,0.054068235294117646,-0.010728660296438096
89,2008-11-28,LongPosV2,-0.007099999999999998,0.05184285714285714,0.13758591347733357
90,2008-11-28,ShortPosV1,0.13955094339622642,0.22564339622641508,-0.0886385418102771
91,2008-11-28,ShortPosV2,0.10342666666666668,0.21502666666666667,-0.29959270623937156
92,2008-12-31,LongPosV1,0.03286,0.054487058823529416,-0.010728660296438096
93,2008-12-31,LongPosV2,0.014846428571428571,0.05199642857142857,0.13758591347733357
94,2008-12-31,ShortPosV1,0.02551923076923077,0.2256,-0.0886385418102771
95,2008-12-31,ShortPosV2,-0.020386666666666664,0.21511333333333335,-0.29959270623937156
96,2009-01-30,LongPosV1,-0.08880941176470589,0.05419411764705883,0.0027921478569159094
97,2009-01-30,LongPosV2,-0.096,0.054092857142857144,0.23152072645012065
98,2009-01-30,ShortPosV1,-0.004096774193548386,0.22335645161290324,-0.03159244685175422
99,2009-01-30,ShortPosV2,0.07635882352941177,0.20770588235294118,-0.19544567789409936
100,2009-02-27,LongPosV1,-0.12845833333333334,0.054494047619047616,0.0027921478569159094
101,2009-02-27,LongPosV2,-0.12711785714285714,0.0543,0.23152072645012065
102,2009-02-27,ShortPosV1,0.08148333333333334,0.223135,-0.03159244685175422
103,2009-02-27,ShortPosV2,-0.015031249999999996,0.20836875,-0.19544567789409936
104,2009-03-31,LongPosV1,0.07429642857142857,0.054674999999999994,0.0027921478569159094
105,2009-03-31,LongPosV2,0.10319999999999999,0.05455357142857143,0.23152072645012065
106,2009-03-31,ShortPosV1,-0.11620847457627118,0.22301694915254236,-0.03159244685175422
107,2009-03-31,ShortPosV2,-0.05531875,0.20829375,-0.19544567789409936
108,2009-04-30,LongPosV1,0.08680952380952381,0.055485714285714284,0.0027921478569159094
109,2009-04-30,LongPosV2,0.155975,0.056114285714285714,0.23152072645012065
110,2009-04-30,ShortPosV1,-0.1929465517241379,0.2241448275862069,-0.03159244685175422
111,2009-04-30,ShortPosV2,-0.0802625,0.20819375,-0.19544567789409936
112,2009-05-29,LongPosV1,0.020079761904761906,0.055733333333333336,0.0027921478569159094
113,2009-05-29,LongPosV2,0.030996428571428567,0.05631071428571428,0.23152072645012065
114,2009-05-29,ShortPosV1,-0.1219603448275862,0.2243293103448276,-0.03159244685175422
115,2009-05-29,ShortPosV2,-0.14070625,0.208175,-0.19544567789409936
116,2009-06-30,LongPosV1,0.004654761904761905,0.055822619047619045,0.0027921478569159094
117,2009-06-30,LongPosV2,-0.017028571428571428,0.05640357142857143,0.23152072645012065
118,2009-06-30,ShortPosV1,-0.10442586206896552,0.22428103448275863,-0.03159244685175422
119,2009-06-30,ShortPosV2,-0.07227499999999999,0.20878125,-0.19544567789409936
120,2009-07-31,LongPosV1,0.08166071428571428,0.05593690476190476,0.0027921478569159094
121,2009-07-31,LongPosV2,0.08268214285714286,0.05650714285714286,0.23152072645012065
122,2009-07-31,ShortPosV1,-0.06855862068965517,0.2243758620689655,-0.03159244685175422
123,2009-07-31,ShortPosV2,-0.014443749999999995,0.20851875,-0.19544567789409936
124,2009-08-31,LongPosV1,0.008128571428571428,0.05607142857142857,0.0027921478569159094
125,2009-08-31,LongPosV2,0.022592857142857144,0.05669285714285715,0.23152072645012065
126,2009-08-31,ShortPosV1,-0.05023157894736842,0.22439298245614034,-0.03159244685175422
127,2009-08-31,ShortPosV2,-0.062281249999999996,0.2082375,-0.19544567789409936
128,2009-09-30,LongPosV1,0.030898809523809523,0.056179761904761906,0.0027921478569159094
129,2009-09-30,LongPosV2,0.05138214285714286,0.05694642857142857,0.23152072645012065
130,2009-09-30,ShortPosV1,-0.07652631578947369,0.22441929824561405,-0.03159244685175422
131,2009-09-30,ShortPosV2,-0.0571375,0.20813125,-0.19544567789409936
132,2009-10-30,LongPosV1,-0.0346144578313253,0.056227710843373496,0.0027921478569159094
133,2009-10-30,LongPosV2,-0.051632142857142856,0.05725,0.23152072645012065
134,2009-10-30,ShortPosV1,0.06173454545454545,0.2244709090909091,-0.03159244685175422
135,2009-10-30,ShortPosV2,0.03500625,0.20810625,-0.19544567789409936
136,2009-11-30,LongPosV1,0.04052771084337349,0.056365060240963855,0.0027921478569159094
137,2009-11-30,LongPosV2,0.032575,0.057485714285714286,0.23152072645012065
138,2009-11-30,ShortPosV1,-0.007192727272727272,0.22427636363636363,-0.03159244685175422
139,2009-11-30,ShortPosV2,-0.01661875,0.20785625,-0.19544567789409936
140,2009-12-31,LongPosV1,0.053084337349397596,0.056954216867469876,0.0027921478569159094
141,2009-12-31,LongPosV2,0.09211785714285714,0.05911071428571429,0.23152072645012065
142,2009-12-31,ShortPosV1,-0.03599259259259259,0.22507592592592593,-0.03159244685175422
143,2009-12-31,ShortPosV2,0.009420000000000003,0.20978666666666665,-0.19544567789409936
144,2010-01-29,LongPosV1,-0.016815476190476193,0.05516309523809524,-0.03777194422944062
145,2010-01-29,LongPosV2,-0.028955172413793105,0.052444827586206895,0.13807817084247317
146,2010-01-29,ShortPosV1,0.009093333333333335,0.22095166666666666,-0.06185101674919981
147,2010-01-29,ShortPosV2,0.01083684210526316,0.2264157894736842,-0.2788581754670231
148,2010-02-26,LongPosV1,0.01698452380952381,0.05519047619047619,-0.03777194422944062
149,2010-02-26,LongPosV2,0.015886206896551725,0.0525,0.13807817084247317
150,2010-02-26,ShortPosV1,-0.021663793103448275,0.22127758620689655,-0.06185101674919981
151,2010-02-26,ShortPosV2,-0.04716111111111111,0.22829444444444447,-0.2788581754670231
152,2010-03-31,LongPosV1,0.04613373493975904,0.05506987951807229,-0.03777194422944062
153,2010-03-31,LongPosV2,0.04147586206896552,0.05244827586206896,0.13807817084247317
154,2010-03-31,ShortPosV1,-0.05201551724137931,0.22093448275862068,-0.06185101674919981
155,2010-03-31,ShortPosV2,-0.04159444444444445,0.2280388888888889,-0.2788581754670231
156,2010-04-30,LongPosV1,0.04181204819277109,0.055248192771084344,-0.03777194422944062
157,2010-04-30,LongPosV2,0.020644827586206897,0.05244137931034482,0.13807817084247317
158,2010-04-30,ShortPosV1,-0.047564912280701754,0.2201561403508772,-0.06185101674919981
159,2010-04-30,ShortPosV2,-0.05131111111111111,0.22787777777777776,-0.2788581754670231
160,2010-05-28,LongPosV1,-0.06742530120481928,0.055244578313253016,-0.03777194422944062
161,2010-05-28,LongPosV2,-0.06591379310344828,0.05240344827586207,0.13807817084247317
162,2010-05-28,ShortPosV1,0.09639473684210527,0.21806491228070177,-0.06185101674919981
163,2010-05-28,ShortPosV2,0.14021666666666668,0.22775555555555554,-0.2788581754670231
164,2010-06-30,LongPosV1,-0.031175903614457833,0.05528674698795181,-0.03777194422944062
165,2010-06-30,LongPosV2,-0.024744827586206896,0.05242413793103448,0.13807817084247317
166,2010-06-30,ShortPosV1,0.03992181818181818,0.21760545454545452,-0.0618510167491998
167,2010-06-30,ShortPosV2,0.0657611111111111,0.22778333333333334,-0.2788581754670231
168,2010-07-30,LongPosV1,0.056493975903614456,0.05529759036144578,-0.03777194422944062
169,2010-07-30,LongPosV2,0.07023103448275862,0.05237931034482759,0.13807817084247317
170,2010-07-30,ShortPosV1,-0.0413509090909091,0.21744727272727274,-0.0618510167491998
171,2010-07-30,ShortPosV2,-0.035133333333333336,0.2276,-0.2788581754670231
172,2010-08-31,LongPosV1,-0.027484337349397592,0.05529759036144578,-0.03777194422944062
173,2010-08-31,LongPosV2,-0.022286206896551725,0.05232068965517242,0.13807817084247317
174,2010-08-31,ShortPosV1,0.0656,0.2172272727272727,-0.0618510167491998
175,2010-08-31,ShortPosV2,0.0639,0.2275611111111111,-0.2788581754670231
176,2010-09-30,LongPosV1,0.061683132530120484,0.055312048192771086,-0.03777194422944062
177,2010-09-30,LongPosV2,0.06682413793103448,0.05232758620689655,0.13807817084247317
178,2010-09-30,ShortPosV1,-0.10034363636363637,0.21714,-0.0618510167491998
179,2010-09-30,ShortPosV2,-0.1366,0.22741666666666666,-0.2788581754670231
180,2010-10-29,LongPosV1,0.017303614457831323,0.05529397590361446,-0.03777194422944062
181,2010-10-29,LongPosV2,0.023551724137931038,0.052279310344827586,0.13807817084247317
182,2010-10-29,ShortPosV1,-0.023470909090909094,0.21702181818181818,-0.0618510167491998
183,2010-10-29,ShortPosV2,-0.044366666666666665,0.22683333333333333,-0.2788581754670231
184,2010-11-30,LongPosV1,0.002021686746987952,0.055255421686746985,-0.03777194422944062
185,2010-11-30,LongPosV2,-0.00273448275862069,0.05222068965517241,0.13807817084247317
186,2010-11-30,ShortPosV1,0.008883333333333333,0.21757222222222225,-0.06185101674919981
187,2010-11-30,ShortPosV2,-0.0008722222222222226,0.22673888888888888,-0.2788581754670231
188,2010-12-31,LongPosV1,0.055592771084337356,0.05526626506024097,-0.03777194422944062
189,2010-12-31,LongPosV2,0.0485551724137931,0.0522448275862069,0.13807817084247317
190,2010-12-31,ShortPosV1,-0.11201538461538461,0.21878846153846154,-0.06185101674919981
191,2010-12-31,ShortPosV2,-0.08744444444444445,0.22666666666666668,-0.2788581754670231
192,2011-01-31,LongPosV1,0.008995555555555557,0.05593111111111111,-0.026015918435850816
193,2011-01-31,LongPosV2,0.009348275862068968,0.052434482758620685,0.08602781394069997
194,2011-01-31,ShortPosV1,0.020660344827586205,0.21596724137931034,-0.07957209574849601
195,2011-01-31,ShortPosV2,0.017244444444444444,0.21214444444444444,-0.2879966360941729
196,2011-02-28,LongPosV1,0.027208888888888887,0.05590222222222222,-0.026015918435850816
197,2011-02-28,LongPosV2,0.031810344827586205,0.052434482758620685,0.08602781394069997
198,2011-02-28,ShortPosV1,-0.059624137931034486,0.21559310344827587,-0.07957209574849601
199,2011-02-28,ShortPosV2,-0.10435,0.21100555555555556,-0.2879966360941729
200,2011-03-31,LongPosV1,0.006984444444444445,0.05588888888888889,-0.026015918435850816
201,2011-03-31,LongPosV2,0.012924137931034481,0.052365517241379306,0.08602781394069997
202,2011-03-31,ShortPosV1,-0.015315789473684208,0.21541052631578947,-0.07957209574849601
203,2011-03-31,ShortPosV2,0.0006666666666666648,0.21098333333333333,-0.2879966360941729
204,2011-04-29,LongPosV1,0.029874444444444443,0.05589333333333334,-0.026015918435850816
205,2011-04-29,LongPosV2,0.030320689655172414,0.052365517241379306,0.08602781394069997
206,2011-04-29,ShortPosV1,-0.011163157894736842,0.21534035087719297,-0.07957209574849601
207,2011-04-29,ShortPosV2,-0.05574444444444444,0.21109999999999998,-0.2879966360941729
208,2011-05-31,LongPosV1,-0.007388888888888889,0.055877777777777776,-0.026015918435850816
209,2011-05-31,LongPosV2,-0.006113793103448275,0.052372413793103444,0.08602781394069997
210,2011-05-31,ShortPosV1,0.013883928571428573,0.21544464285714285,-0.07957209574849601
211,2011-05-31,ShortPosV2,-0.02011666666666666,0.21108333333333335,-0.2879966360941729
212,2011-06-30,LongPosV1,-0.005602222222222222,0.05584,-0.026015918435850816
213,2011-06-30,LongPosV2,-0.008348275862068965,0.05233448275862069,0.08602781394069997
214,2011-06-30,ShortPosV1,-0.005958181818181818,0.21453636363636364,-0.07957209574849601
215,2011-06-30,ShortPosV2,0.004327777777777778,0.2111222222222222,-0.2879966360941729
216,2011-07-29,LongPosV1,-0.027472222222222224,0.055761111111111115,-0.026015918435850816
217,2011-07-29,LongPosV2,-0.02420689655172414,0.05222413793103448,0.08602781394069997
218,2011-07-29,ShortPosV1,0.011531481481481483,0.2136925925925926,-0.07957209574849601
219,2011-07-29,ShortPosV2,-0.028122222222222222,0.2114388888888889,-0.2879966360941729
220,2011-08-31,LongPosV1,-0.024034444444444445,0.05575666666666667,-0.026015918435850816
221,2011-08-31,LongPosV2,-0.011417241379310343,0.05216896551724138,0.08602781394069997
222,2011-08-31,ShortPosV1,0.08061481481481482,0.21340925925925927,-0.07957209574849601
223,2011-08-31,ShortPosV2,0.06959444444444444,0.21116666666666667,-0.2879966360941729
224,2011-09-30,LongPosV1,-0.05424555555555556,0.05573555555555556,-0.026015918435850816
225,2011-09-30,LongPosV2,-0.05952758620689655,0.052148275862068966,0.08602781394069997
226,2011-09-30,ShortPosV1,0.07890185185185185,0.21308148148148146,-0.07957209574849601
227,2011-09-30,ShortPosV2,0.0901111111111111,0.2102888888888889,-0.2879966360941729
228,2011-10-31,LongPosV1,0.08475842696629213,0.05556179775280899,-0.026015918435850813
229,2011-10-31,LongPosV2,0.08336896551724138,0.05205862068965517,0.08602781394069997
230,2011-10-31,ShortPosV1,-0.10569444444444445,0.21278703703703702,-0.07957209574849601
231,2011-10-31,ShortPosV2,-0.08832222222222223,0.21021666666666666,-0.2879966360941729
232,2011-11-30,LongPosV1,0.018029545454545454,0.05553181818181818,-0.026015918435850816
233,2011-11-30,LongPosV2,0.016748275862068965,0.05204827586206897,0.08602781394069997
234,2011-11-30,ShortPosV1,0.038457407407407405,0.21249444444444446,-0.07957209574849601
235,2011-11-30,ShortPosV2,0.06433888888888889,0.20983888888888888,-0.2879966360941729
236,2011-12-30,LongPosV1,0.020104597701149425,0.055662068965517245,-0.026015918435850813
237,2011-12-30,LongPosV2,0.0204,0.05208275862068965,0.08602781394069997
238,2011-12-30,ShortPosV1,-0.006764150943396225,0.21269811320754717,-0.07957209574849601
239,2011-12-30,ShortPosV2,-0.026150000000000003,0.20976666666666666,-0.2879966360941729
240,2012-01-31,LongPosV1,0.014998863636363635,0.05552045454545454,-0.017877804087850124
241,2012-01-31,LongPosV2,-0.007062962962962962,0.05392222222222222,0.10293434042743851
242,2012-01-31,ShortPosV1,-0.04927142857142857,0.20862142857142857,-0.09203151746982881
243,2012-01-31,ShortPosV2,0.05679411764705882,0.2182,-0.31943131558145704
244,2012-02-29,LongPosV1,0.021619318181818184,0.05548181818181818,-0.017877804087850124
245,2012-02-29,LongPosV2,0.027148148148148147,0.05390740740740741,0.10293434042743851
246,2012-02-29,ShortPosV1,-0.01121111111111111,0.20878518518518518,-0.0920315174698288
247,2012-02-29,ShortPosV2,-0.02275,0.21885625,-0.31943131558145704
248,2012-03-30,LongPosV1,0.01955909090909091,0.05535795454545455,-0.017877804087850124
249,2012-03-30,LongPosV2,0.019185185185185187,0.053811111111111115,0.10293434042743851
250,2012-03-30,ShortPosV1,-0.058788888888888884,0.2075925925925926,-0.0920315174698288
251,2012-03-30,ShortPosV2,-0.1072875,0.21748125,-0.31943131558145704
252,2012-04-30,LongPosV1,-0.0010977272727272726,0.05532840909090909,-0.017877804087850124
253,2012-04-30,LongPosV2,0.004114814814814815,0.05379629629629629,0.10293434042743851
254,2012-04-30,ShortPosV1,0.029607692307692304,0.20515961538461538,-0.0920315174698288
255,2012-04-30,ShortPosV2,0.04425714285714285,0.2178642857142857,-0.31943131558145704
256,2012-05-31,LongPosV1,-0.024085227272727272,0.055286363636363633,-0.017877804087850124
257,2012-05-31,LongPosV2,-0.012681481481481483,0.05377037037037037,0.10293434042743851
258,2012-05-31,ShortPosV1,0.053825000000000005,0.20492307692307693,-0.0920315174698288
259,2012-05-31,ShortPosV2,0.018664285714285713,0.21764285714285717,-0.31943131558145704
260,2012-06-29,LongPosV1,0.0345816091954023,0.05518390804597701,-0.017877804087850124
261,2012-06-29,LongPosV2,0.03549230769230769,0.05333076923076923,0.10293434042743851
262,2012-06-29,ShortPosV1,-0.0629921568627451,0.20487254901960786,-0.0920315174698288
263,2012-06-29,ShortPosV2,-0.1083,0.21833846153846154,-0.31943131558145704
264,2012-07-31,LongPosV1,0.017645882352941178,0.05522235294117647,-0.017877804087850124
265,2012-07-31,LongPosV2,0.022044,0.053628,0.1029343404274385
266,2012-07-31,ShortPosV1,-0.05219607843137255,0.20509803921568628,-0.0920315174698288
267,2012-07-31,ShortPosV2,-0.04836923076923077,0.21813846153846153,-0.31943131558145704
268,2012-08-31,LongPosV1,-0.0009070588235294114,0.05519411764705883,-0.017877804087850124
269,2012-08-31,LongPosV2,-0.014152,0.053635999999999996,0.1029343404274385
270,2012-08-31,ShortPosV1,-0.057274000000000005,0.2046,-0.0920315174698288
271,2012-08-31,ShortPosV2,0.013746153846153849,0.21786923076923076,-0.31943131558145704
272,2012-09-28,LongPosV1,0.02327529411764706,0.05515058823529412,-0.017877804087850124
273,2012-09-28,LongPosV2,0.016188,0.053540000000000004,0.1029343404274385
274,2012-09-28,ShortPosV1,-0.026752,0.204568,-0.0920315174698288
275,2012-09-28,ShortPosV2,0.004153846153846155,0.21753846153846151,-0.31943131558145704
276,2012-10-31,LongPosV1,-0.0023270588235294117,0.05510588235294118,-0.017877804087850124
277,2012-10-31,LongPosV2,0.006595999999999999,0.053504,0.1029343404274385
278,2012-10-31,ShortPosV1,0.08226599999999999,0.204318,-0.0920315174698288
279,2012-10-31,ShortPosV2,0.10176153846153846,0.21732307692307692,-0.31943131558145704
280,2012-11-30,LongPosV1,-0.00048352941176470595,0.055116470588235295,-0.017877804087850124
281,2012-11-30,LongPosV2,-0.016132,0.053504,0.1029343404274385
282,2012-11-30,ShortPosV1,0.018190196078431375,0.20383333333333334,-0.0920315174698288
283,2012-11-30,ShortPosV2,0.0626,0.21532142857142858,-0.31943131558145704
284,2012-12-31,LongPosV1,0.012821686746987953,0.05488072289156627,-0.017877804087850124
285,2012-12-31,LongPosV2,0.0014440000000000002,0.053376,0.1029343404274385
286,2012-12-31,ShortPosV1,-0.0008860000000000009,0.203,-0.0920315174698288
287,2012-12-31,ShortPosV2,0.0457,0.2139,-0.31943131558145704
288,2013-01-31,LongPosV1,0.05715056179775281,0.05517865168539326,-0.016632827494586708
289,2013-01-31,LongPosV2,0.060839285714285714,0.051689285714285715,0.16025162217587338
290,2013-01-31,ShortPosV1,-0.06257704918032787,0.19865081967213113,-0.24242201625987397
291,2013-01-31,ShortPosV2,-0.07845384615384615,0.22092307692307692,-0.691708374560442
292,2013-02-28,LongPosV1,0.019798876404494382,0.05516741573033708,-0.016632827494586708
293,2013-02-28,LongPosV2,0.03729285714285714,0.051689285714285715,0.16025162217587338
294,2013-02-28,ShortPosV1,-0.032070491803278686,0.19851147540983605,-0.24242201625987397
295,2013-02-28,ShortPosV2,-0.027707692307692305,0.22085384615384612,-0.691708374560442
296,2013-03-28,LongPosV1,0.03951460674157303,0.05510112359550562,-0.016632827494586708
297,2013-03-28,LongPosV2,0.05015357142857143,0.051649999999999995,0.16025162217587338
298,2013-03-28,ShortPosV1,-0.04347166666666667,0.19852166666666668,-0.24242201625987397
299,2013-03-28,ShortPosV2,-0.07879230769230769,0.22078461538461538,-0.691708374560442
300,2013-04-30,LongPosV1,0.01871573033707865,0.05506292134831461,-0.016632827494586708
301,2013-04-30,LongPosV2,0.020864285714285717,0.05161428571428572,0.16025162217587338
302,2013-04-30,ShortPosV1,-0.021849999999999998,0.19838833333333333,-0.24242201625987397
303,2013-04-30,ShortPosV2,-0.06696153846153846,0.22103846153846154,-0.691708374560442
304,2013-05-31,LongPosV1,0.00325,0.05508977272727273,-0.016632827494586708
305,2013-05-31,LongPosV2,-0.010735714285714284,0.05179285714285714,0.16025162217587338
306,2013-05-31,ShortPosV1,-0.06480666666666667,0.19774666666666668,-0.24242201625987397
307,2013-05-31,ShortPosV2,-0.10805384615384615,0.2189076923076923,-0.691708374560442
308,2013-06-28,LongPosV1,-0.0038988372093023255,0.055202325581395345,-0.016632827494586708
309,2013-06-28,LongPosV2,9.25925925925928e-05,0.05184814814814814,0.16025162217587338
310,2013-06-28,ShortPosV1,0.016367796610169492,0.19809491525423728,-0.24242201625987397
311,2013-06-28,ShortPosV2,-0.013799999999999995,0.22285,-0.691708374560442
312,2013-07-31,LongPosV1,0.055944186046511635,0.05517093023255814,-0.016632827494586708
313,2013-07-31,LongPosV2,0.05453333333333333,0.05176296296296296,0.16025162217587338
314,2013-07-31,ShortPosV1,-0.10890677966101696,0.1981457627118644,-0.24242201625987397
315,2013-07-31,ShortPosV2,-0.09205,0.2227,-0.691708374560442
316,2013-08-30,LongPosV1,-0.04215116279069767,0.055160465116279075,-0.016632827494586708
317,2013-08-30,LongPosV2,-0.044551851851851856,0.051807407407407406,0.16025162217587338
318,2013-08-30,ShortPosV1,0.003235593220338982,0.19817627118644068,-0.24242201625987397
319,2013-08-30,ShortPosV2,-0.04520833333333333,0.22282500000000002,-0.691708374560442
320,2013-09-30,LongPosV1,0.028446511627906977,0.05512790697674418,-0.016632827494586708
321,2013-09-30,LongPosV2,0.019537037037037037,0.05177407407407407,0.16025162217587338
322,2013-09-30,ShortPosV1,-0.07967118644067796,0.19803389830508472,-0.24242201625987397
323,2013-09-30,ShortPosV2,-0.0488,0.22249166666666667,-0.691708374560442
324,2013-10-31,LongPosV1,0.04542093023255814,0.05509302325581395,-0.016632827494586708
325,2013-10-31,LongPosV2,0.04778888888888889,0.05177037037037037,0.16025162217587338
326,2013-10-31,ShortPosV1,-0.005115789473684212,0.19833333333333333,-0.24242201625987397
327,2013-10-31,ShortPosV2,-0.065925,0.22221666666666665,-0.691708374560442
328,2013-11-29,LongPosV1,0.019738372093023256,0.055076744186046515,-0.016632827494586708
329,2013-11-29,LongPosV2,0.011533333333333333,0.051711111111111104,0.16025162217587338
330,2013-11-29,ShortPosV1,-0.043422807017543856,0.19807719298245613,-0.24242201625987397
331,2013-11-29,ShortPosV2,-0.10703333333333333,0.22213333333333332,-0.691708374560442
332,2013-12-31,LongPosV1,0.02052093023255814,0.05504302325581395,-0.016632827494586708
333,2013-12-31,LongPosV2,0.012929629629629631,0.05167037037037037,0.16025162217587338
334,2013-12-31,ShortPosV1,-0.06017719298245614,0.19818947368421053,-0.24242201625987397
335,2013-12-31,ShortPosV2,-0.045683333333333326,0.221925,-0.691708374560442
336,2014-01-31,LongPosV1,-0.0281438202247191,0.055248314606741566,-0.007447127795944472
337,2014-01-31,LongPosV2,-0.02406153846153846,0.04880384615384615,0.124040907262702
338,2014-01-31,ShortPosV1,-0.010515384615384616,0.19374615384615382,-0.16381295974373888
339,2014-01-31,ShortPosV2,0.002658333333333332,0.21689166666666668,-0.5479006780059055
340,2014-02-28,LongPosV1,0.044317977528089886,0.0552123595505618,-0.007447127795944472
341,2014-02-28,LongPosV2,0.05034230769230769,0.04871538461538461,0.124040907262702
342,2014-02-28,ShortPosV1,-0.036081249999999995,0.1939984375,-0.16381295974373888
343,2014-02-28,ShortPosV2,-0.023616666666666664,0.21675833333333336,-0.5479006780059055
344,2014-03-31,LongPosV1,0.022062921348314606,0.05518651685393258,-0.007447127795944472
345,2014-03-31,LongPosV2,0.012569230769230768,0.04869615384615385,0.124040907262702
346,2014-03-31,ShortPosV1,0.051506249999999996,0.193846875,-0.16381295974373888
347,2014-03-31,ShortPosV2,0.15715,0.21700833333333333,-0.5479006780059055
348,2014-04-30,LongPosV1,0.008630337078651686,0.05516179775280899,-0.007447127795944472
349,2014-04-30,LongPosV2,0.03216153846153846,0.04875769230769231,0.124040907262702
350,2014-04-30,ShortPosV1,0.0460125,0.193715625,-0.16381295974373888
351,2014-04-30,ShortPosV2,0.1062,0.21705833333333335,-0.5479006780059055
352,2014-05-30,LongPosV1,0.01485340909090909,0.05506590909090909,-0.007447127795944472
353,2014-05-30,LongPosV2,0.01063076923076923,0.04876923076923077,0.124040907262702
354,2014-05-30,ShortPosV1,0.0091484375,0.1934578125,-0.16381295974373888
355,2014-05-30,ShortPosV2,-0.008283333333333332,0.21711666666666665,-0.5479006780059055
356,2014-06-30,LongPosV1,0.028254545454545452,0.05501022727272728,-0.007447127795944472
357,2014-06-30,LongPosV2,0.028484615384615383,0.048692307692307694,0.124040907262702
358,2014-06-30,ShortPosV1,-0.05819523809523809,0.18673650793650795,-0.16381295974373888
359,2014-06-30,ShortPosV2,-0.019883333333333333,0.216975,-0.5479006780059055
360,2014-07-31,LongPosV1,-0.04269090909090909,0.0550090909090909,-0.007447127795944472
361,2014-07-31,LongPosV2,-0.034376923076923076,0.0487,0.124040907262702
362,2014-07-31,ShortPosV1,0.06047142857142857,0.18659365079365078,-0.16381295974373888
363,2014-07-31,ShortPosV2,0.1447,0.21680833333333335,-0.5479006780059055
364,2014-08-29,LongPosV1,0.03869080459770115,0.05479885057471264,-0.007447127795944472
365,2014-08-29,LongPosV2,0.04338461538461538,0.04868846153846154,0.124040907262702
366,2014-08-29,ShortPosV1,-0.03319206349206349,0.1862095238095238,-0.16381295974373888
367,2014-08-29,ShortPosV2,-0.045391666666666663,0.21661666666666668,-0.5479006780059055
368,2014-09-30,LongPosV1,-0.022019540229885056,0.054777011494252875,-0.007447127795944472
369,2014-09-30,LongPosV2,-0.026299999999999997,0.04864230769230769,0.124040907262702
370,2014-09-30,ShortPosV1,0.02638095238095238,0.18588095238095237,-0.16381295974373888
371,2014-09-30,ShortPosV2,0.07457499999999999,0.21640833333333334,-0.5479006780059055
372,2014-10-31,LongPosV1,0.0575735632183908,0.054917241379310346,-0.007447127795944472
373,2014-10-31,LongPosV2,0.06506153846153846,0.04888846153846154,0.124040907262702
374,2014-10-31,ShortPosV1,-0.03260327868852459,0.18670819672131148,-0.16381295974373888
375,2014-10-31,ShortPosV2,-0.0178,0.21565,-0.5479006780059055
376,2014-11-28,LongPosV1,0.011302298850574712,0.054889655172413794,-0.007447127795944472
377,2014-11-28,LongPosV2,0.012815384615384616,0.04884230769230769,0.124040907262702
378,2014-11-28,ShortPosV1,-0.007238333333333331,0.187525,-0.16381295974373888
379,2014-11-28,ShortPosV2,0.023474999999999996,0.21569166666666664,-0.5479006780059055
380,2014-12-31,LongPosV1,0.017424705882352943,0.0546164705882353,-0.007447127795944472
381,2014-12-31,LongPosV2,0.022346153846153845,0.04887307692307692,0.124040907262702
382,2014-12-31,ShortPosV1,0.001263333333333331,0.18760666666666664,-0.16381295974373888
383,2014-12-31,ShortPosV2,0.0551,0.215875,-0.5479006780059055
384,2015-01-30,LongPosV1,-0.013636470588235295,0.054334117647058824,-0.05885935700900433
385,2015-01-30,LongPosV2,-0.006807407407407408,0.053266666666666664,0.11862387155861513
386,2015-01-30,ShortPosV1,0.03502537313432835,0.18550149253731343,-0.13102138148621084
387,2015-01-30,ShortPosV2,0.08539230769230768,0.2006230769230769,-0.49743292567712005
388,2015-02-27,LongPosV1,0.025442352941176468,0.05435764705882353,-0.05885935700900433
389,2015-02-27,LongPosV2,0.012266666666666669,0.05332222222222222,0.11862387155861513
390,2015-02-27,ShortPosV1,-0.07699393939393939,0.18560151515151516,-0.13102138148621084
391,2015-02-27,ShortPosV2,-0.07405833333333334,0.20174166666666668,-0.49743292567712
392,2015-03-31,LongPosV1,-0.005212941176470589,0.05431411764705882,-0.05885935700900433
393,2015-03-31,LongPosV2,-0.01034074074074074,0.053233333333333334,0.11862387155861513
394,2015-03-31,ShortPosV1,0.017350769230769232,0.18552,-0.13102138148621084
395,2015-03-31,ShortPosV2,-0.006883333333333331,0.20172500000000002,-0.49743292567712
396,2015-04-30,LongPosV1,-0.0072917647058823535,0.054358823529411765,-0.05885935700900433
397,2015-04-30,LongPosV2,-0.0014962962962962966,0.05324444444444444,0.11862387155861513
398,2015-04-30,ShortPosV1,0.0016921875000000001,0.1850359375,-0.13102138148621084
399,2015-04-30,ShortPosV2,0.0008249999999999993,0.20164166666666664,-0.49743292567712
400,2015-05-29,LongPosV1,0.009605882352941176,0.05424823529411765,-0.05885935700900433
401,2015-05-29,LongPosV2,0.01482962962962963,0.053007407407407406,0.11862387155861513
402,2015-05-29,ShortPosV1,-0.0241625,0.18505625,-0.13102138148621084
403,2015-05-29,ShortPosV2,-0.05449166666666667,0.20120000000000002,-0.49743292567712
404,2015-06-30,LongPosV1,-0.01623294117647059,0.05425176470588235,-0.05885935700900433
405,2015-06-30,LongPosV2,-0.026559259259259258,0.05293703703703704,0.11862387155861513
406,2015-06-30,ShortPosV1,-0.0017453125000000003,0.184959375,-0.13102138148621084
407,2015-06-30,ShortPosV2,0.003033333333333338,0.201075,-0.49743292567712
408,2015-07-31,LongPosV1,0.011198809523809522,0.05414166666666667,-0.05885935700900433
409,2015-07-31,LongPosV2,0.03785185185185185,0.0529925925925926,0.11862387155861513
410,2015-07-31,ShortPosV1,0.09466875,0.1851796875,-0.13102138148621084
411,2015-07-31,ShortPosV2,0.04430833333333333,0.201275,-0.49743292567712
412,2015-08-31,LongPosV1,-0.04764047619047619,0.054157142857142855,-0.05885935700900433
413,2015-08-31,LongPosV2,-0.04843703703703704,0.052974074074074076,0.11862387155861513
414,2015-08-31,ShortPosV1,-0.006895161290322582,0.18541290322580645,-0.13102138148621084
415,2015-08-31,ShortPosV2,0.03697499999999999,0.2020833333333333,-0.49743292567712
416,2015-09-30,LongPosV1,-0.006397619047619048,0.05418214285714286,-0.05885935700900433
417,2015-09-30,LongPosV2,-0.004203703703703703,0.05301111111111111,0.11862387155861513
418,2015-09-30,ShortPosV1,0.09144677419354838,0.18511129032258064,-0.13102138148621084
419,2015-09-30,ShortPosV2,0.09493333333333333,0.20210000000000003,-0.49743292567712
420,2015-10-30,LongPosV1,0.0641952380952381,0.05423095238095238,-0.05885935700900433
421,2015-10-30,LongPosV2,0.049940740740740744,0.053040740740740736,0.11862387155861513
422,2015-10-30,ShortPosV1,-0.08681639344262294,0.1834983606557377,-0.13102138148621084
423,2015-10-30,ShortPosV2,-0.03490833333333334,0.202175,-0.49743292567712
424,2015-11-30,LongPosV1,0.010991666666666667,0.05421547619047619,-0.05885935700900433
425,2015-11-30,LongPosV2,-0.006566666666666666,0.0529925925925926,0.11862387155861513
426,2015-11-30,ShortPosV1,-0.025463934426229507,0.18349672131147543,-0.13102138148621084
427,2015-11-30,ShortPosV2,-0.09002500000000001,0.20238333333333333,-0.49743292567712
428,2015-12-31,LongPosV1,-0.009347619047619047,0.05422738095238096,-0.05885935700900433
429,2015-12-31,LongPosV2,-0.0037925925925925926,0.05293703703703704,0.11862387155861513
430,2015-12-31,ShortPosV1,0.04538360655737705,0.18338852459016394,-0.13102138148621084
431,2015-12-31,ShortPosV2,0.049991666666666656,0.20267500000000002,-0.49743292567712
432,2016-01-29,LongPosV1,-0.02172183908045977,0.054540229885057474,-0.07178642313628902
433,2016-01-29,LongPosV2,-0.0134,0.05254074074074074,0.1212844271456853
434,2016-01-29,ShortPosV1,0.08532285714285714,0.18004142857142857,-0.12709266520679954
435,2016-01-29,ShortPosV2,0.13813571428571428,0.1910857142857143,-0.4070330157700845
436,2016-02-29,LongPosV1,0.019958620689655173,0.054563218390804594,-0.07178642313628902
437,2016-02-29,LongPosV2,0.015248148148148148,0.052529629629629634,0.1212844271456853
438,2016-02-29,ShortPosV1,-0.02186764705882353,0.18081617647058823,-0.12709266520679954
439,2016-02-29,ShortPosV2,0.04517692307692307,0.19506153846153845,-0.4070330157700845
440,2016-03-31,LongPosV1,0.06482558139534884,0.054572093023255816,-0.07178642313628902
441,2016-03-31,LongPosV2,0.06683333333333333,0.05252222222222222,0.1212844271456853
442,2016-03-31,ShortPosV1,-0.04105441176470588,0.18078235294117648,-0.12709266520679954
443,2016-03-31,ShortPosV2,-0.03429230769230769,0.1952153846153846,-0.4070330157700845
444,2016-04-29,LongPosV1,0.010573809523809524,0.054621428571428564,-0.07178642313628902
445,2016-04-29,LongPosV2,0.0023592592592592593,0.05251111111111111,0.1212844271456853
446,2016-04-29,ShortPosV1,-0.044564705882352944,0.1807441176470588,-0.12709266520679954
447,2016-04-29,ShortPosV2,-0.04383846153846154,0.19508461538461536,-0.4070330157700845
448,2016-05-31,LongPosV1,0.012875,0.054577380952380954,-0.07178642313628902
449,2016-05-31,LongPosV2,0.014081481481481483,0.05242962962962963,0.1212844271456853
450,2016-05-31,ShortPosV1,-0.0035705882352941153,0.1793955882352941,-0.12709266520679954
451,2016-05-31,ShortPosV2,-0.05979230769230769,0.19487692307692306,-0.4070330157700845
452,2016-06-30,LongPosV1,0.032505952380952385,0.0547297619047619,-0.07178642313628902
453,2016-06-30,LongPosV2,0.019029629629629632,0.05245925925925926,0.1212844271456853
454,2016-06-30,ShortPosV1,0.0031134328358208957,0.17899701492537315,-0.12709266520679954
455,2016-06-30,ShortPosV2,0.016130769230769233,0.19466923076923076,-0.4070330157700845
456,2016-07-29,LongPosV1,0.017212048192771084,0.05483132530120482,-0.07178642313628902
457,2016-07-29,LongPosV2,0.008562962962962963,0.052455555555555554,0.1212844271456853
458,2016-07-29,ShortPosV1,-0.05304925373134328,0.17872388059701494,-0.12709266520679954
459,2016-07-29,ShortPosV2,0.03174615384615384,0.19483076923076922,-0.4070330157700845
460,2016-08-31,LongPosV1,-0.004931325301204819,0.054848192771084346,-0.07178642313628902
461,2016-08-31,LongPosV2,-0.003114814814814814,0.05237777777777778,0.1212844271456853
462,2016-08-31,ShortPosV1,-0.03746119402985074,0.17867014925373134,-0.12709266520679954
463,2016-08-31,ShortPosV2,0.058338461538461533,0.19463076923076925,-0.4070330157700845
464,2016-09-30,LongPosV1,0.0009795180722891568,0.054812048192771086,-0.07178642313628902
465,2016-09-30,LongPosV2,-0.0034222222222222228,0.05231851851851852,0.1212844271456853
466,2016-09-30,ShortPosV1,-0.0011686567164179108,0.17839701492537313,-0.12709266520679954
467,2016-09-30,ShortPosV2,-0.02184615384615385,0.19399230769230769,-0.4070330157700845
468,2016-10-31,LongPosV1,-0.004514457831325302,0.05482530120481928,-0.07178642313628902
469,2016-10-31,LongPosV2,-0.007448148148148148,0.05229629629629629,0.1212844271456853
470,2016-10-31,ShortPosV1,0.06032537313432836,0.17818507462686567,-0.12709266520679954
471,2016-10-31,ShortPosV2,0.09123846153846153,0.19363076923076922,-0.4070330157700845
472,2016-11-30,LongPosV1,0.04503373493975903,0.054925301204819275,-0.07178642313628902
473,2016-11-30,LongPosV2,0.0345037037037037,0.05235555555555555,0.1212844271456853
474,2016-11-30,ShortPosV1,-0.08873880597014926,0.17827910447761192,-0.12709266520679954
475,2016-11-30,ShortPosV2,-0.1326153846153846,0.1935769230769231,-0.4070330157700845
476,2016-12-30,LongPosV1,0.03217349397590361,0.05490843373493976,-0.07178642313628902
477,2016-12-30,LongPosV2,0.050414814814814815,0.05237777777777777,0.1212844271456853
478,2016-12-30,ShortPosV1,-0.016603030303030303,0.1789378787878788,-0.12709266520679954
479,2016-12-30,ShortPosV2,-0.010908333333333338,0.19979166666666667,-0.4070330157700845
480,2017-01-31,LongPosV1,-0.0014639534883720932,0.05510348837209302,-0.08750318951977641
481,2017-01-31,LongPosV2,0.001785185185185185,0.05227037037037037,0.09356113395902935
482,2017-01-31,ShortPosV1,0.003724999999999999,0.17325000000000002,-0.1299060725384096
483,2017-01-31,ShortPosV2,-0.021846153846153845,0.17127692307692308,-0.43184221458046823
484,2017-02-28,LongPosV1,0.03119058823529412,0.05508705882352941,-0.08750318951977641
485,2017-02-28,LongPosV2,0.04444074074074074,0.052307407407407414,0.09356113395902935
486,2017-02-28,ShortPosV1,-0.018330985915492957,0.17222676056338027,-0.1299060725384096
487,2017-02-28,ShortPosV2,0.00414166666666667,0.1663916666666667,-0.4318422145804683
488,2017-03-31,LongPosV1,-0.008641176470588235,0.05506235294117647,-0.08750318951977641
489,2017-03-31,LongPosV2,-0.006951851851851852,0.05227407407407408,0.09356113395902935
490,2017-03-31,ShortPosV1,-0.006097183098591551,0.17198591549295775,-0.1299060725384096
491,2017-03-31,ShortPosV2,-0.006808333333333334,0.166375,-0.4318422145804683
492,2017-04-28,LongPosV1,0.00562,0.05502117647058823,-0.08750318951977641
493,2017-04-28,LongPosV2,0.007762962962962964,0.05221481481481481,0.09356113395902935
494,2017-04-28,ShortPosV1,-0.03447571428571428,0.17248285714285716,-0.1299060725384096
495,2017-04-28,ShortPosV2,-0.012949999999999995,0.16627499999999998,-0.4318422145804683
496,2017-05-31,LongPosV1,2.380952380952375e-05,0.05486309523809524,-0.08750318951977641
497,2017-05-31,LongPosV2,0.02043333333333333,0.05218518518518519,0.09356113395902935
498,2017-05-31,ShortPosV1,0.02064,0.1719342857142857,-0.1299060725384096
499,2017-05-31,ShortPosV2,0.014199999999999997,0.166025,-0.4318422145804683
500,2017-06-30,LongPosV1,0.010607142857142857,0.05483095238095238,-0.08750318951977641
501,2017-06-30,LongPosV2,-0.003433333333333334,0.052225925925925926,0.09356113395902935
502,2017-06-30,ShortPosV1,-0.045708571428571425,0.17192142857142856,-0.1299060725384096
503,2017-06-30,ShortPosV2,-0.14579166666666665,0.16746666666666665,-0.4318422145804683
504,2017-07-31,LongPosV1,0.013241666666666667,0.05478571428571429,-0.08750318951977641
505,2017-07-31,LongPosV2,0.024214814814814817,0.052199999999999996,0.09356113395902935
506,2017-07-31,ShortPosV1,-0.010704285714285713,0.1717557142857143,-0.1299060725384096
507,2017-07-31,ShortPosV2,0.04085833333333334,0.167575,-0.4318422145804683
508,2017-08-31,LongPosV1,-0.008508333333333335,0.054782142857142856,-0.08750318951977641
509,2017-08-31,LongPosV2,-0.0029518518518518526,0.05221111111111111,0.09356113395902935
510,2017-08-31,ShortPosV1,0.03557142857142857,0.17175857142857143,-0.1299060725384096
511,2017-08-31,ShortPosV2,0.027466666666666664,0.16745,-0.4318422145804683
512,2017-09-29,LongPosV1,0.026673493975903618,0.05478674698795181,-0.08750318951977641
513,2017-09-29,LongPosV2,0.005596296296296297,0.052303703703703706,0.09356113395902935
514,2017-09-29,ShortPosV1,-0.05829857142857142,0.17163857142857142,-0.1299060725384096
515,2017-09-29,ShortPosV2,-0.09024166666666666,0.16734166666666664,-0.4318422145804683
516,2017-10-31,LongPosV1,0.014028915662650604,0.05482409638554216,-0.08750318951977641
517,2017-10-31,LongPosV2,0.015411111111111112,0.05232962962962963,0.09356113395902935
518,2017-10-31,ShortPosV1,-0.006684285714285712,0.17155571428571428,-0.1299060725384096
519,2017-10-31,ShortPosV2,-0.024783333333333334,0.16734166666666664,-0.4318422145804683
520,2017-11-30,LongPosV1,0.038710843373493974,0.054796385542168674,-0.08750318951977641
521,2017-11-30,LongPosV2,0.03515185185185185,0.052370370370370366,0.09356113395902935
522,2017-11-30,ShortPosV1,-0.023760000000000003,0.17150428571428572,-0.1299060725384096
523,2017-11-30,ShortPosV2,-0.08488333333333332,0.16745000000000002,-0.4318422145804683
524,2017-12-29,LongPosV1,-0.008542168674698794,0.05480361445783133,-0.08750318951977641
525,2017-12-29,LongPosV2,-0.011892592592592592,0.05241851851851852,0.09356113395902935
526,2017-12-29,ShortPosV1,-0.006434782608695653,0.17198115942028985,-0.1299060725384096
527,2017-12-29,ShortPosV2,-0.09246363636363636,0.17075454545454546,-0.43184221458046823
528,2018-01-31,LongPosV1,0.019734883720930234,0.055104651162790695,-0.07562245700547988
529,2018-01-31,LongPosV2,0.030428571428571426,0.05345,0.0643661511139262
530,2018-01-31,ShortPosV1,-0.024750666666666667,0.166876,-0.11293838393162206
531,2018-01-31,ShortPosV2,-0.010410526315789473,0.1714736842105263,-0.40655893282845396
532,2018-02-28,LongPosV1,-0.043045348837209306,0.05511395348837209,-0.07562245700547988
533,2018-02-28,LongPosV2,-0.03484285714285714,0.053467857142857136,0.0643661511139262
534,2018-02-28,ShortPosV1,0.05281891891891892,0.1666027027027027,-0.11293838393162206
535,2018-02-28,ShortPosV2,0.0549,0.1713,-0.40655893282845396
536,2018-03-29,LongPosV1,-0.0014965116279069763,0.055051162790697675,-0.07562245700547988
537,2018-03-29,LongPosV2,-0.006892857142857143,0.05338571428571429,0.0643661511139262
538,2018-03-29,ShortPosV1,0.008356164383561644,0.16691369863013697,-0.11293838393162209
539,2018-03-29,ShortPosV2,0.017561111111111107,0.17354444444444442,-0.40655893282845396
540,2018-04-30,LongPosV1,0.004237209302325582,0.055032558139534886,-0.07562245700547988
541,2018-04-30,LongPosV2,-0.0023428571428571418,0.05337142857142857,0.0643661511139262
542,2018-04-30,ShortPosV1,0.02393835616438356,0.16686164383561644,-0.11293838393162209
543,2018-04-30,ShortPosV2,0.028277777777777777,0.17334444444444444,-0.40655893282845396
544,2018-05-31,LongPosV1,0.010186046511627907,0.055002325581395346,-0.07562245700547988
545,2018-05-31,LongPosV2,0.002892857142857142,0.05339285714285714,0.0643661511139262
546,2018-05-31,ShortPosV1,-0.024164383561643837,0.1667178082191781,-0.11293838393162209
547,2018-05-31,ShortPosV2,0.008066666666666663,0.1729277777777778,-0.40655893282845396
548,2018-06-29,LongPosV1,0.011455813953488374,0.054976744186046506,-0.07562245700547988
549,2018-06-29,LongPosV2,0.018875,0.053339285714285714,0.0643661511139262
550,2018-06-29,ShortPosV1,0.0066,0.16490140845070422,-0.11293838393162207
551,2018-06-29,ShortPosV2,0.014983333333333333,0.17260555555555557,-0.40655893282845396
552,2018-07-31,LongPosV1,0.0321835294117647,0.055043529411764706,-0.07562245700547988
553,2018-07-31,LongPosV2,0.03491071428571429,0.0533,0.0643661511139262
554,2018-07-31,ShortPosV1,-0.02686338028169014,0.16475211267605633,-0.11293838393162207
555,2018-07-31,ShortPosV2,-0.008072222222222222,0.17241666666666666,-0.40655893282845396
556,2018-08-31,LongPosV1,0.011661904761904762,0.05495714285714285,-0.07562245700547988
557,2018-08-31,LongPosV2,0.018289285714285713,0.053271428571428574,0.0643661511139262
558,2018-08-31,ShortPosV1,-0.03729130434782609,0.1636608695652174,-0.11293838393162207
559,2018-08-31,ShortPosV2,-0.04584117647058823,0.17086470588235295,-0.40655893282845396
560,2018-09-28,LongPosV1,0.0011654761904761907,0.05488571428571429,-0.07562245700547988
561,2018-09-28,LongPosV2,0.015446428571428571,0.053271428571428574,0.0643661511139262
562,2018-09-28,ShortPosV1,0.03011449275362319,0.16284057971014493,-0.11293838393162207
563,2018-09-28,ShortPosV2,0.01722352941176471,0.17051764705882352,-0.40655893282845396
564,2018-10-31,LongPosV1,-0.053172619047619045,0.05485119047619048,-0.07562245700547988
565,2018-10-31,LongPosV2,-0.03426428571428571,0.05328928571428571,0.0643661511139262
566,2018-10-31,ShortPosV1,0.0861913043478261,0.16257246376811593,-0.11293838393162207
567,2018-10-31,ShortPosV2,0.09186470588235293,0.17038235294117648,-0.40655893282845396
568,2018-11-30,LongPosV1,0.04484642857142857,0.05487857142857143,-0.07562245700547988
569,2018-11-30,LongPosV2,0.062282142857142855,0.053339285714285714,0.0643661511139262
570,2018-11-30,ShortPosV1,0.0020159420289855073,0.16264057971014495,-0.11293838393162207
571,2018-11-30,ShortPosV2,-0.0020647058823529425,0.17073529411764704,-0.40655893282845396
572,2018-12-31,LongPosV1,-0.07791071428571429,0.05475,-0.07562245700547988
573,2018-12-31,LongPosV2,-0.07426785714285714,0.05325714285714286,0.0643661511139262
574,2018-12-31,ShortPosV1,0.1368826086956522,0.16251304347826087,-0.11293838393162207
575,2018-12-31,ShortPosV2,0.14079411764705882,0.1705705882352941,-0.40655893282845396
576,2019-01-31,LongPosV1,0.0687164705882353,0.05463647058823529,0.03132698254237535
577,2019-01-31,LongPosV2,0.08686666666666668,0.05347407407407407,0.2323872028387955
578,2019-01-31,ShortPosV1,-0.1489525641025641,0.1644923076923077,-0.07119920405840233
579,2019-01-31,ShortPosV2,-0.18357619047619048,0.18188095238095237,-0.23182781212125197
580,2019-02-28,LongPosV1,0.044605882352941176,0.05464705882352941,0.03132698254237535
581,2019-02-28,LongPosV2,0.04608518518518518,0.05347777777777778,0.2323872028387955
582,2019-02-28,ShortPosV1,-0.033664102564102565,0.16427820512820515,-0.07119920405840233
583,2019-02-28,ShortPosV2,-0.04807142857142858,0.18137619047619047,-0.23182781212125197
584,2019-03-29,LongPosV1,-0.006995294117647058,0.054563529411764705,0.03132698254237535
585,2019-03-29,LongPosV2,-0.008437037037037036,0.053396296296296296,0.2323872028387955
586,2019-03-29,ShortPosV1,0.0355077922077922,0.16467402597402597,-0.07119920405840233
587,2019-03-29,ShortPosV2,0.025961904761904762,0.1810809523809524,-0.23182781212125197
588,2019-04-30,LongPosV1,0.02930470588235294,0.05455411764705883,0.03132698254237535
589,2019-04-30,LongPosV2,0.017696296296296297,0.05346296296296296,0.2323872028387955
590,2019-04-30,ShortPosV1,-0.007227631578947368,0.16524999999999998,-0.07119920405840233
591,2019-04-30,ShortPosV2,-0.03797142857142857,0.18105238095238094,-0.23182781212125197
592,2019-05-31,LongPosV1,-0.04203647058823529,0.054530588235294115,0.03132698254237535
593,2019-05-31,LongPosV2,-0.050914814814814816,0.05347777777777778,0.2323872028387955
594,2019-05-31,ShortPosV1,0.07081973684210525,0.16523815789473684,-0.07119920405840233
595,2019-05-31,ShortPosV2,0.11062857142857142,0.18104285714285714,-0.23182781212125197
596,2019-06-28,LongPosV1,0.05484705882352941,0.05440117647058824,0.03132698254237535
597,2019-06-28,LongPosV2,0.07142222222222222,0.053359259259259266,0.2323872028387955
598,2019-06-28,ShortPosV1,-0.08318400000000001,0.16395066666666666,-0.07119920405840233
599,2019-06-28,ShortPosV2,-0.0616,0.17677,-0.23182781212125197
600,2019-07-31,LongPosV1,0.012018823529411766,0.054390588235294114,0.03132698254237535
601,2019-07-31,LongPosV2,0.0026851851851851846,0.05318888888888889,0.2323872028387955
602,2019-07-31,ShortPosV1,0.018794666666666668,0.16394,-0.07119920405840233
603,2019-07-31,ShortPosV2,0.031345,0.17688500000000001,-0.23182781212125197
604,2019-08-30,LongPosV1,-0.012605882352941179,0.05424823529411764,0.03132698254237535
605,2019-08-30,LongPosV2,-0.02305185185185185,0.05324814814814815,0.2323872028387955
606,2019-08-30,ShortPosV1,0.035844,0.1642026666666667,-0.07119920405840233
607,2019-08-30,ShortPosV2,0.0467,0.17679499999999998,-0.23182781212125197
608,2019-09-30,LongPosV1,0.03540941176470588,0.05406235294117647,0.03132698254237535
609,2019-09-30,LongPosV2,0.032429629629629635,0.05302592592592593,0.2323872028387955
610,2019-09-30,ShortPosV1,-0.055164,0.1638973333333333,-0.07119920405840233
611,2019-09-30,ShortPosV2,-0.031634999999999996,0.176075,-0.23182781212125197
612,2019-10-31,LongPosV1,0.0022823529411764706,0.053904705882352945,0.03132698254237535
613,2019-10-31,LongPosV2,0.001614814814814816,0.05288888888888889,0.2323872028387955
614,2019-10-31,ShortPosV1,-0.008352,0.16349866666666665,-0.07119920405840233
615,2019-10-31,ShortPosV2,0.0072250000000000005,0.175385,-0.23182781212125197
616,2019-11-29,LongPosV1,0.02354941176470588,0.053857647058823524,0.03132698254237535
617,2019-11-29,LongPosV2,0.0299962962962963,0.052833333333333336,0.2323872028387955
618,2019-11-29,ShortPosV1,-0.022336986301369863,0.16281095890410957,-0.07119920405840233
619,2019-11-29,ShortPosV2,-0.029025000000000006,0.175675,-0.23182781212125197
620,2019-12-31,LongPosV1,0.027316470588235293,0.053732941176470594,0.03132698254237535
621,2019-12-31,LongPosV2,0.031688888888888884,0.05268148148148149,0.2323872028387955
622,2019-12-31,ShortPosV1,-0.021727777777777776,0.1615513888888889,-0.07119920405840233
623,2019-12-31,ShortPosV2,-0.030469999999999997,0.175115,-0.23182781212125197
624,2020-01-31,LongPosV1,-0.013949425287356322,0.05384022988505747,-0.011430966417188802
625,2020-01-31,LongPosV2,-0.003239285714285714,0.05171071428571428,0.18029167064249615
626,2020-01-31,ShortPosV1,0.029897402597402596,0.15953636363636364,-0.06227785771581137
627,2020-01-31,ShortPosV2,0.011171428571428572,0.17343809523809522,-0.257984552775788
628,2020-02-28,LongPosV1,-0.09720000000000001,0.05394367816091954,-0.011430966417188802
629,2020-02-28,LongPosV2,-0.10694642857142857,0.05173571428571428,0.18029167064249615
630,2020-02-28,ShortPosV1,0.0710012987012987,0.15927402597402598,-0.06227785771581137
631,2020-02-28,ShortPosV2,0.05647619047619047,0.1733095238095238,-0.257984552775788
632,2020-03-31,LongPosV1,-0.14249885057471265,0.05397241379310345,-0.011430966417188802
633,2020-03-31,LongPosV2,-0.14449642857142855,0.051635714285714285,0.18029167064249615
634,2020-03-31,ShortPosV1,0.22889736842105263,0.15803684210526314,-0.06227785771581137
635,2020-03-31,ShortPosV2,0.24,0.169015,-0.257984552775788
636,2020-04-30,LongPosV1,0.09267441860465116,0.05417790697674418,-0.011430966417188802
637,2020-04-30,LongPosV2,0.1156888888888889,0.05198888888888889,0.18029167064249615
638,2020-04-30,ShortPosV1,-0.16807733333333333,0.15858533333333333,-0.06227785771581137
639,2020-04-30,ShortPosV2,-0.26958000000000004,0.169255,-0.257984552775788
640,2020-05-29,LongPosV1,0.01640348837209302,0.054267441860465115,-0.011430966417188802
641,2020-05-29,LongPosV2,0.014777777777777777,0.05201481481481481,0.18029167064249615
642,2020-05-29,ShortPosV1,-0.03526351351351351,0.1588945945945946,-0.062277857715811374
643,2020-05-29,ShortPosV2,0.0031800000000000057,0.169205,-0.257984552775788
644,2020-06-30,LongPosV1,0.0002895348837209298,0.05427790697674419,-0.011430966417188802
645,2020-06-30,LongPosV2,-0.0018370370370370383,0.05216296296296296,0.18029167064249615
646,2020-06-30,ShortPosV1,-0.09799726027397261,0.15975890410958904,-0.06227785771581136
647,2020-06-30,ShortPosV2,-0.23073000000000002,0.17426999999999998,-0.257984552775788
648,2020-07-31,LongPosV1,0.01305232558139535,0.054434883720930236,-0.011430966417188802
649,2020-07-31,LongPosV2,0.006840740740740743,0.05231481481481482,0.18029167064249615
650,2020-07-31,ShortPosV1,-0.02812191780821918,0.15974520547945206,-0.06227785771581136
651,2020-07-31,ShortPosV2,-0.023515,0.174105,-0.257984552775788
652,2020-08-31,LongPosV1,0.02675813953488372,0.05441627906976745,-0.011430966417188802
653,2020-08-31,LongPosV2,0.052503703703703705,0.052225925925925926,0.18029167064249615
654,2020-08-31,ShortPosV1,-0.050980821917808214,0.15987808219178082,-0.06227785771581136
655,2020-08-31,ShortPosV2,-0.07666999999999999,0.17436000000000001,-0.257984552775788
656,2020-09-30,LongPosV1,-0.04162558139534884,0.05438604651162791,-0.011430966417188802
657,2020-09-30,LongPosV2,-0.028914814814814813,0.05214074074074074,0.18029167064249615
658,2020-09-30,ShortPosV1,0.0239625,0.15980416666666666,-0.06227785771581137
659,2020-09-30,ShortPosV2,0.022985,0.174325,-0.257984552775788
660,2020-10-30,LongPosV1,0.026137209302325583,0.05423488372093024,-0.011430966417188802
661,2020-10-30,LongPosV2,-0.0019925925925925922,0.051755555555555555,0.18029167064249615
662,2020-10-30,ShortPosV1,-0.027775,0.1596375,-0.06227785771581137
663,2020-10-30,ShortPosV2,-0.040025,0.17437,-0.257984552775788
664,2020-11-30,LongPosV1,0.1200906976744186,0.05423488372093024,-0.011430966417188802
665,2020-11-30,LongPosV2,0.12001851851851851,0.05174074074074074,0.18029167064249615
666,2020-11-30,ShortPosV1,-0.2052450704225352,0.1598112676056338,-0.06227785771581137
667,2020-11-30,ShortPosV2,-0.22505999999999998,0.175235,-0.257984552775788
668,2020-12-31,LongPosV1,0.032667441860465114,0.0541139534883721,-0.011430966417188802
669,2020-12-31,LongPosV2,0.040718518518518515,0.051637037037037044,0.18029167064249615
670,2020-12-31,ShortPosV1,-0.09332571428571429,0.15923285714285715,-0.06227785771581137
671,2020-12-31,ShortPosV2,-0.04527894736842106,0.17453684210526316,-0.257984552775788
672,2021-01-29,LongPosV1,-0.0058450549450549455,0.05342307692307693,0.03783764293680514
673,2021-01-29,LongPosV2,-0.024900000000000002,0.0488,0.218524699822345
674,2021-01-29,ShortPosV1,-0.15375405405405407,0.16186621621621622,-0.11478318672900972
675,2021-01-29,ShortPosV2,-0.339555,0.191965,-0.44541623688102233
676,2021-02-26,LongPosV1,0.06800989010989011,0.05355824175824176,0.03783764293680514
677,2021-02-26,LongPosV2,0.02439642857142857,0.048650000000000006,0.218524699822345
678,2021-02-26,ShortPosV1,-0.07821780821917808,0.16086164383561644,-0.11478318672900972
679,2021-02-26,ShortPosV2,0.02351578947368421,0.19247368421052632,-0.4454162368810224
680,2021-03-31,LongPosV1,0.08052307692307693,0.053230769230769234,0.03783764293680514
681,2021-03-31,LongPosV2,0.08399999999999999,0.047985714285714284,0.218524699822345
682,2021-03-31,ShortPosV1,-0.014286301369863013,0.16056986301369863,-0.11478318672900972
683,2021-03-31,ShortPosV2,0.05588947368421053,0.19244736842105262,-0.4454162368810224
684,2021-04-30,LongPosV1,0.03095054945054945,0.052956043956043954,0.03783764293680514
685,2021-04-30,LongPosV2,0.043078571428571424,0.04761785714285714,0.218524699822345
686,2021-04-30,ShortPosV1,-0.02791506849315068,0.16022054794520546,-0.11478318672900972
687,2021-04-30,ShortPosV2,-0.0018473684210526297,0.19234736842105263,-0.4454162368810224
688,2021-05-28,LongPosV1,0.02610879120879121,0.05282857142857143,0.03783764293680514
689,2021-05-28,LongPosV2,0.017567857142857142,0.04737857142857143,0.218524699822345
690,2021-05-28,ShortPosV1,-0.0005602739726027393,0.1599890410958904,-0.11478318672900972
691,2021-05-28,ShortPosV2,0.002984210526315791,0.19197894736842105,-0.4454162368810224
692,2021-06-30,LongPosV1,-0.016779545454545453,0.05188636363636363,0.03783764293680514
693,2021-06-30,LongPosV2,-0.01014074074074074,0.04649259259259259,0.218524699822345
694,2021-06-30,ShortPosV1,-0.009745833333333336,0.16019444444444444,-0.11478318672900972
695,2021-06-30,ShortPosV2,-0.05151578947368421,0.1915736842105263,-0.4454162368810224
696,2021-07-30,LongPosV1,0.012568181818181819,0.05170227272727273,0.03783764293680514
697,2021-07-30,LongPosV2,0.036866666666666666,0.0464,0.218524699822345
698,2021-07-30,ShortPosV1,0.0012014084507042243,0.16051971830985917,-0.11478318672900971
699,2021-07-30,ShortPosV2,-0.02271578947368421,0.1913421052631579,-0.4454162368810224
700,2021-08-31,LongPosV1,0.02576931818181818,0.05155113636363637,0.03783764293680514
701,2021-08-31,LongPosV2,0.026155555555555557,0.04613703703703704,0.218524699822345
702,2021-08-31,ShortPosV1,-0.005818309859154929,0.16016901408450704,-0.11478318672900971
703,2021-08-31,ShortPosV2,-0.015915789473684206,0.19066842105263157,-0.4454162368810224
704,2021-09-30,LongPosV1,-0.03197159090909091,0.051311363636363634,0.03783764293680514
705,2021-09-30,LongPosV2,-0.053811111111111115,0.045881481481481474,0.218524699822345
706,2021-09-30,ShortPosV1,0.022430985915492956,0.16010845070422533,-0.11478318672900971
707,2021-09-30,ShortPosV2,0.052873684210526316,0.19056315789473682,-0.4454162368810224
708,2021-10-29,LongPosV1,0.049247727272727276,0.05115454545454545,0.03783764293680514
709,2021-10-29,LongPosV2,0.061174074074074075,0.04571481481481481,0.218524699822345
710,2021-10-29,ShortPosV1,-0.03179722222222222,0.16002916666666667,-0.11478318672900972
711,2021-10-29,ShortPosV2,0.004873684210526319,0.19013684210526316,-0.4454162368810224
712,2021-11-30,LongPosV1,-0.02148390804597701,0.05076666666666666,0.03783764293680514
713,2021-11-30,LongPosV2,-0.023059259259259262,0.0454074074074074,0.218524699822345
714,2021-11-30,ShortPosV1,0.04516388888888889,0.15979722222222223,-0.11478318672900972
715,2021-11-30,ShortPosV2,0.059,0.18964736842105262,-0.4454162368810224
716,2021-12-31,LongPosV1,0.07168275862068965,0.050665517241379306,0.03783764293680514
717,2021-12-31,LongPosV2,0.07428518518518519,0.04535925925925926,0.218524699822345
718,2021-12-31,ShortPosV1,-0.008829166666666666,0.1593763888888889,-0.11478318672900972
719,2021-12-31,ShortPosV2,0.003057894736842106,0.1893842105263158,-0.4454162368810224
720,2022-01-31,LongPosV1,-0.02685408163265306,0.02631734693877551,0.2505093633831532
721,2022-01-31,LongPosV2,-0.05271333333333333,0.019196666666666664,0.8838814384058463
722,2022-01-31,ShortPosV1,0.07679058823529411,0.20649647058823528,-0.11147722048492557
723,2022-01-31,ShortPosV2,0.13865454545454545,0.22751363636363636,-0.48612718238914804
724,2022-02-28,LongPosV1,-0.006423469387755102,0.026287755102040816,0.2505093633831532
725,2022-02-28,LongPosV2,-0.010759999999999999,0.019173333333333334,0.8838814384058463
726,2022-02-28,ShortPosV1,-0.014548235294117647,0.2063129411764706,-0.11147722048492557
727,2022-02-28,ShortPosV2,0.0031045454545454544,0.22728636363636365,-0.48612718238914804
728,2022-03-31,LongPosV1,0.016462244897959184,0.026361224489795918,0.2505093633831532
729,2022-03-31,LongPosV2,0.008433333333333333,0.019243333333333335,0.8838814384058463
730,2022-03-31,ShortPosV1,-0.04156746987951807,0.20308795180722894,-0.11147722048492557
731,2022-03-31,ShortPosV2,-0.02088181818181818,0.22708636363636361,-0.48612718238914804
732,2022-04-29,LongPosV1,-0.04705773195876288,0.026204123711340205,0.2505093633831532
733,2022-04-29,LongPosV2,-0.06475666666666666,0.0193,0.8838814384058463
734,2022-04-29,ShortPosV1,0.11135243902439025,0.2028792682926829,-0.11147722048492557
735,2022-04-29,ShortPosV2,0.11046818181818181,0.22663181818181818,-0.48612718238914804
736,2022-05-31,LongPosV1,0.012257291666666668,0.02641041666666667,0.2505093633831532
737,2022-05-31,LongPosV2,0.005613333333333333,0.019376666666666667,0.8838814384058463
738,2022-05-31,ShortPosV1,0.04108874999999999,0.20446874999999998,-0.11147722048492556
739,2022-05-31,ShortPosV2,0.08390909090909092,0.22639545454545454,-0.48612718238914804
740,2022-06-30,LongPosV1,-0.06633229166666667,0.026432291666666666,0.2505093633831532
741,2022-06-30,LongPosV2,-0.07136,0.019436666666666665,0.8838814384058463
742,2022-06-30,ShortPosV1,0.07244430379746834,0.20491265822784807,-0.11147722048492557
743,2022-06-30,ShortPosV2,0.06811363636363636,0.2263090909090909,-0.48612718238914804
744,2022-07-29,LongPosV1,0.054188541666666666,0.0264625,0.2505093633831532
745,2022-07-29,LongPosV2,0.06913,0.019486666666666666,0.8838814384058463
746,2022-07-29,ShortPosV1,-0.06161666666666667,0.2055205128205128,-0.11147722048492557
747,2022-07-29,ShortPosV2,-0.04156363636363636,0.2260409090909091,-0.48612718238914804
748,2022-08-31,LongPosV1,-0.02379791666666667,0.026461458333333337,0.2505093633831532
749,2022-08-31,LongPosV2,-0.02469,0.01950333333333333,0.8838814384058463
750,2022-08-31,ShortPosV1,-0.04479605263157895,0.20654473684210525,-0.11147722048492559
751,2022-08-31,ShortPosV2,-0.05771904761904763,0.2279904761904762,-0.48612718238914804
752,2022-09-30,LongPosV1,-0.08355625,0.02654270833333333,0.2505093633831532
753,2022-09-30,LongPosV2,-0.08538,0.019583333333333335,0.8838814384058463
754,2022-09-30,ShortPosV1,0.12324933333333334,0.206268,-0.11147722048492556
755,2022-09-30,ShortPosV2,0.17137142857142856,0.22774761904761906,-0.48612718238914804
756,2022-10-31,LongPosV1,0.055146875000000005,0.0266875,0.2505093633831532
757,2022-10-31,LongPosV2,0.05623333333333334,0.01966,0.8838814384058463
758,2022-10-31,ShortPosV1,-0.03903513513513513,0.20475945945945948,-0.11147722048492556
759,2022-10-31,ShortPosV2,-0.025335000000000003,0.22448,-0.4861271823891481
760,2022-11-30,LongPosV1,0.06216041666666667,0.026854166666666665,0.2505093633831532
761,2022-11-30,LongPosV2,0.058243333333333334,0.01984333333333333,0.8838814384058463
762,2022-11-30,ShortPosV1,-0.009434722222222223,0.2061347222222222,-0.11147722048492557
763,2022-11-30,ShortPosV2,-0.060175,0.2243,-0.4861271823891481
764,2022-12-30,LongPosV1,-0.030093750000000002,0.026840625000000003,0.2505093633831532
765,2022-12-30,LongPosV2,-0.040549999999999996,0.01984666666666667,0.8838814384058463
766,2022-12-30,ShortPosV1,0.09523802816901408,0.20453661971830986,-0.11147722048492557
767,2022-12-30,ShortPosV2,0.18616,0.22415,-0.4861271823891481
